index,patient_id,true_label,predicted_label,category,anomaly_score
0,BraTS2021_01467,0,0,TN,0.00026196375
1,BraTS2021_01467,0,0,TN,0.00053083996
2,BraTS2021_01468,0,0,TN,0.00071446097
3,BraTS2021_01468,0,0,TN,0.0006654153
4,BraTS2021_01468,0,0,TN,0.00056170777
5,BraTS2021_01468,0,0,TN,0.00062839745
6,BraTS2021_01468,0,0,TN,0.00074825156
7,BraTS2021_01468,0,0,TN,0.00095481623
8,BraTS2021_01468,0,0,TN,0.0007169172
9,BraTS2021_01468,0,0,TN,0.00074807147
10,BraTS2021_01469,0,0,TN,0.00036449317
11,BraTS2021_01469,0,0,TN,0.00031640902
12,BraTS2021_01469,0,0,TN,0.00030578137
13,BraTS2021_01469,0,0,TN,0.00039199647
14,BraTS2021_01469,0,0,TN,0.0004525952
15,BraTS2021_01469,0,0,TN,0.00038984028
16,BraTS2021_01470,0,0,TN,0.0012877288
17,BraTS2021_01470,0,0,TN,0.00087565696
18,BraTS2021_01470,0,0,TN,0.0008857891
19,BraTS2021_01470,0,0,TN,0.0009024745
20,BraTS2021_01470,0,0,TN,0.00078243343
21,BraTS2021_01470,0,0,TN,0.0009520731
22,BraTS2021_01471,0,0,TN,0.0019888799
23,BraTS2021_01471,0,0,TN,0.0016497475
24,BraTS2021_01472,0,0,TN,0.001632533
25,BraTS2021_01472,0,0,TN,0.0015192654
26,BraTS2021_01472,0,0,TN,0.0015172665
27,BraTS2021_01472,0,0,TN,0.0015326209
28,BraTS2021_01472,0,0,TN,0.00128461
29,BraTS2021_01472,0,0,TN,0.0012510449
30,BraTS2021_01472,0,0,TN,0.0013067828
31,BraTS2021_01472,0,0,TN,0.0011623652
32,BraTS2021_01472,0,0,TN,0.0011164475
33,BraTS2021_01472,0,0,TN,0.0012810065
34,BraTS2021_01473,0,0,TN,9.961851e-05
35,BraTS2021_01473,0,0,TN,6.6237815e-05
36,BraTS2021_01473,0,0,TN,6.7423396e-05
37,BraTS2021_01473,0,0,TN,7.3175135e-05
38,BraTS2021_01474,0,0,TN,0.00041171146
39,BraTS2021_01474,0,0,TN,0.00032355578
40,BraTS2021_01474,0,0,TN,0.00031396688
41,BraTS2021_01474,0,0,TN,0.00028150898
42,BraTS2021_01474,0,0,TN,0.00031984932
43,BraTS2021_01476,0,0,TN,0.0003004607
44,BraTS2021_01476,0,0,TN,0.00024450567
45,BraTS2021_01476,0,0,TN,0.00025242654
46,BraTS2021_01476,0,0,TN,0.00048554648
47,BraTS2021_01477,0,0,TN,0.0005506059
48,BraTS2021_01477,0,0,TN,0.00049976126
49,BraTS2021_01477,0,0,TN,0.00042214725
50,BraTS2021_01478,0,0,TN,0.00041929397
51,BraTS2021_01478,0,0,TN,0.00022727405
52,BraTS2021_01479,0,0,TN,0.0005336276
53,BraTS2021_01479,0,0,TN,0.0006379959
54,BraTS2021_01480,0,0,TN,0.00073894253
55,BraTS2021_01480,0,0,TN,0.00073004357
56,BraTS2021_01480,0,0,TN,0.00068369205
57,BraTS2021_01480,0,0,TN,0.00055578415
58,BraTS2021_01480,0,0,TN,0.00057484506
59,BraTS2021_01480,0,0,TN,0.0005496143
60,BraTS2021_01480,0,0,TN,0.0005281494
61,BraTS2021_01480,0,0,TN,0.0005212001
62,BraTS2021_01480,0,0,TN,0.00058551424
63,BraTS2021_01480,0,0,TN,0.0007435057
64,BraTS2021_01481,0,0,TN,0.0008671004
65,BraTS2021_01481,0,0,TN,0.001702532
66,BraTS2021_01481,0,0,TN,0.0011415476
67,BraTS2021_01481,0,0,TN,0.0015713243
68,BraTS2021_01482,0,0,TN,0.00047014043
69,BraTS2021_01482,0,0,TN,0.0004503836
70,BraTS2021_01483,0,0,TN,0.00041385763
71,BraTS2021_01483,0,0,TN,0.00040580783
72,BraTS2021_01483,0,0,TN,0.0004401947
73,BraTS2021_01484,0,0,TN,0.0009297419
74,BraTS2021_01484,0,0,TN,0.0014266726
75,BraTS2021_01485,0,0,TN,0.00084509456
76,BraTS2021_01485,0,0,TN,0.0012092344
77,BraTS2021_01485,0,0,TN,0.000695532
78,BraTS2021_01485,0,0,TN,0.0008971955
79,BraTS2021_01485,0,0,TN,0.0006514739
80,BraTS2021_01487,0,0,TN,0.00051838055
81,BraTS2021_01487,0,0,TN,0.00039947205
82,BraTS2021_01487,0,0,TN,0.00037891543
83,BraTS2021_01487,0,0,TN,0.0004134528
84,BraTS2021_01487,0,0,TN,0.00039118723
85,BraTS2021_01488,0,0,TN,0.0004310146
86,BraTS2021_01488,0,0,TN,0.00071004
87,BraTS2021_01488,0,0,TN,0.0010303075
88,BraTS2021_01488,0,0,TN,0.0009670681
89,BraTS2021_01488,0,0,TN,0.0009643902
90,BraTS2021_01488,0,0,TN,0.00086029153
91,BraTS2021_01489,0,0,TN,0.0011048001
92,BraTS2021_01490,0,0,TN,0.00052963133
93,BraTS2021_01490,0,0,TN,0.0007146486
94,BraTS2021_01491,0,0,TN,0.0013907275
95,BraTS2021_01491,0,0,TN,0.0018888481
96,BraTS2021_01492,0,0,TN,0.0005775928
97,BraTS2021_01492,0,0,TN,0.0006976655
98,BraTS2021_01492,0,0,TN,0.000791462
99,BraTS2021_01492,0,0,TN,0.0005381946
100,BraTS2021_01492,0,0,TN,0.00052535516
101,BraTS2021_01492,0,0,TN,0.0008155637
102,BraTS2021_01493,0,0,TN,0.0005613168
103,BraTS2021_01493,0,0,TN,0.0005839163
104,BraTS2021_01493,0,0,TN,0.00040753832
105,BraTS2021_01493,0,0,TN,0.0003121616
106,BraTS2021_01493,0,0,TN,0.00028870883
107,BraTS2021_01493,0,0,TN,0.00022898808
108,BraTS2021_01493,0,0,TN,0.00020308232
109,BraTS2021_01493,0,0,TN,0.00023295145
110,BraTS2021_01493,0,0,TN,0.0002409641
111,BraTS2021_01494,0,0,TN,0.00022389753
112,BraTS2021_01497,0,0,TN,0.00088312395
113,BraTS2021_01497,0,0,TN,0.0008881276
114,BraTS2021_01497,0,0,TN,0.0005722624
115,BraTS2021_01497,0,0,TN,0.0006332962
116,BraTS2021_01497,0,0,TN,0.0006286399
117,BraTS2021_01497,0,0,TN,0.0004284754
118,BraTS2021_01497,0,0,TN,0.00045633706
119,BraTS2021_01499,0,0,TN,0.0017189493
120,BraTS2021_01499,0,0,TN,0.0017134344
121,BraTS2021_01499,0,0,TN,0.0013238825
122,BraTS2021_01499,0,0,TN,0.00084877404
123,BraTS2021_01499,0,0,TN,0.0007889487
124,BraTS2021_01499,0,0,TN,0.00060358486
125,BraTS2021_01499,0,0,TN,0.00077304634
126,BraTS2021_01499,0,0,TN,0.0008738497
127,BraTS2021_01500,0,0,TN,0.0008473262
128,BraTS2021_01500,0,1,FP,0.0021508194
129,BraTS2021_01500,0,1,FP,0.0021584108
130,BraTS2021_01500,0,0,TN,0.0019033848
131,BraTS2021_01500,0,0,TN,0.0018858559
132,BraTS2021_01500,0,1,FP,0.002189647
133,BraTS2021_01500,0,1,FP,0.0023613349
134,BraTS2021_01500,0,0,TN,0.0017177801
135,BraTS2021_01500,0,0,TN,0.00116473
136,BraTS2021_01500,0,0,TN,0.001090486
137,BraTS2021_01501,0,0,TN,0.00027954034
138,BraTS2021_01501,0,0,TN,0.00023166998
139,BraTS2021_01501,0,0,TN,0.00022323895
140,BraTS2021_01501,0,0,TN,0.00024599262
141,BraTS2021_01501,0,0,TN,0.0001717783
142,BraTS2021_01502,0,0,TN,0.0013767276
143,BraTS2021_01503,0,0,TN,0.0015736497
144,BraTS2021_01503,0,0,TN,0.0019978322
145,BraTS2021_01503,0,0,TN,0.001861985
146,BraTS2021_01503,0,0,TN,0.001900993
147,BraTS2021_01504,0,1,FP,0.0022515235
148,BraTS2021_01504,0,0,TN,0.0018563999
149,BraTS2021_01505,0,0,TN,0.0017737092
150,BraTS2021_01505,0,0,TN,0.0018027776
151,BraTS2021_01505,0,1,FP,0.0026718515
152,BraTS2021_01506,0,0,TN,0.00087370654
153,BraTS2021_01507,0,0,TN,0.0005219965
154,BraTS2021_01507,0,0,TN,0.00058241066
155,BraTS2021_01507,0,0,TN,0.0005764903
156,BraTS2021_01507,0,0,TN,0.00055829127
157,BraTS2021_01508,0,0,TN,0.0009910462
158,BraTS2021_01508,0,0,TN,0.0012721004
159,BraTS2021_01508,0,0,TN,0.0014620225
160,BraTS2021_01508,0,0,TN,0.0011810919
161,BraTS2021_01508,0,0,TN,0.0014402949
162,BraTS2021_01509,0,0,TN,0.0012123917
163,BraTS2021_01509,0,0,TN,0.0013607165
164,BraTS2021_01509,0,0,TN,0.0011968495
165,BraTS2021_01509,0,0,TN,0.0010132595
166,BraTS2021_01509,0,0,TN,0.001145503
167,BraTS2021_01509,0,0,TN,0.0013742305
168,BraTS2021_01509,0,0,TN,0.0012225719
169,BraTS2021_01509,0,0,TN,0.0012127955
170,BraTS2021_01509,0,0,TN,0.0014953457
171,BraTS2021_01510,0,0,TN,0.00056081207
172,BraTS2021_01510,0,0,TN,0.0009193963
173,BraTS2021_01510,0,0,TN,0.00085813075
174,BraTS2021_01510,0,0,TN,0.0009771958
175,BraTS2021_01511,0,0,TN,0.0009333808
176,BraTS2021_01512,0,0,TN,0.0011629275
177,BraTS2021_01512,0,0,TN,0.0010529966
178,BraTS2021_01513,0,0,TN,0.0012498762
179,BraTS2021_01513,0,0,TN,0.0020186587
180,BraTS2021_01514,0,0,TN,0.00036563133
181,BraTS2021_01514,0,0,TN,0.0005724894
182,BraTS2021_01514,0,0,TN,0.00065195776
183,BraTS2021_01514,0,0,TN,0.00066860626
184,BraTS2021_01514,0,0,TN,0.00053101144
185,BraTS2021_01515,0,0,TN,0.00035340927
186,BraTS2021_01515,0,0,TN,0.00044330806
187,BraTS2021_01515,0,0,TN,0.0004227233
188,BraTS2021_01516,0,0,TN,0.0012930841
189,BraTS2021_01516,0,0,TN,0.0008289987
190,BraTS2021_01516,0,0,TN,0.0008378648
191,BraTS2021_01516,0,0,TN,0.00090338313
192,BraTS2021_01516,0,0,TN,0.0010731639
193,BraTS2021_01516,0,0,TN,0.00092479715
194,BraTS2021_01516,0,0,TN,0.0008338151
195,BraTS2021_01516,0,0,TN,0.000628168
196,BraTS2021_01516,0,0,TN,0.0010417206
197,BraTS2021_01518,0,0,TN,0.0011120648
198,BraTS2021_01518,0,0,TN,0.0012216409
199,BraTS2021_01518,0,0,TN,0.0011492372
200,BraTS2021_01519,0,0,TN,0.00056294503
201,BraTS2021_01519,0,0,TN,0.0006334757
202,BraTS2021_01519,0,0,TN,0.0005527099
203,BraTS2021_01519,0,0,TN,0.0006472867
204,BraTS2021_01519,0,0,TN,0.00065669284
205,BraTS2021_01520,0,0,TN,0.00049926573
206,BraTS2021_01520,0,0,TN,0.0008275156
207,BraTS2021_01520,0,0,TN,0.0007921415
208,BraTS2021_01520,0,0,TN,0.0006188754
209,BraTS2021_01520,0,0,TN,0.00046722457
210,BraTS2021_01520,0,0,TN,0.00047420542
211,BraTS2021_01520,0,0,TN,0.0006091096
212,BraTS2021_01522,0,0,TN,0.00068462244
213,BraTS2021_01522,0,0,TN,0.0009937657
214,BraTS2021_01522,0,0,TN,0.00066418236
215,BraTS2021_01522,0,0,TN,0.00065624097
216,BraTS2021_01522,0,0,TN,0.0006916764
217,BraTS2021_01522,0,0,TN,0.0007284075
218,BraTS2021_01524,0,0,TN,0.00050668773
219,BraTS2021_01524,0,0,TN,0.00051874324
220,BraTS2021_01524,0,0,TN,0.00046312727
221,BraTS2021_01524,0,0,TN,0.0003324969
222,BraTS2021_01526,0,0,TN,0.0010261367
223,BraTS2021_01526,0,0,TN,0.0015021442
224,BraTS2021_01526,0,0,TN,0.0011416866
225,BraTS2021_01526,0,0,TN,0.0010475623
226,BraTS2021_01526,0,0,TN,0.000837132
227,BraTS2021_01526,0,0,TN,0.00087318517
228,BraTS2021_01526,0,0,TN,0.0009997112
229,BraTS2021_01526,0,0,TN,0.0015008827
230,BraTS2021_01527,0,0,TN,0.0012164575
231,BraTS2021_01527,0,0,TN,0.001205679
232,BraTS2021_01527,0,0,TN,0.0010033689
233,BraTS2021_01527,0,0,TN,0.0005384866
234,BraTS2021_01527,0,0,TN,0.00044202534
235,BraTS2021_01527,0,0,TN,0.00039774014
236,BraTS2021_01527,0,0,TN,0.00033472528
237,BraTS2021_01527,0,0,TN,0.00032186657
238,BraTS2021_01528,0,0,TN,0.0003732825
239,BraTS2021_01528,0,0,TN,0.00031028962
240,BraTS2021_01528,0,0,TN,0.00027121065
241,BraTS2021_01529,0,0,TN,0.0006458329
242,BraTS2021_01529,0,0,TN,0.0005156909
243,BraTS2021_01529,0,0,TN,0.000573828
244,BraTS2021_01529,0,0,TN,0.00066425174
245,BraTS2021_01529,0,0,TN,0.00055462023
246,BraTS2021_01529,0,0,TN,0.0006078923
247,BraTS2021_01530,0,0,TN,0.0011688937
248,BraTS2021_01530,0,0,TN,0.001319851
249,BraTS2021_01530,0,0,TN,0.00094962167
250,BraTS2021_01530,0,0,TN,0.0011143605
251,BraTS2021_01530,0,0,TN,0.0011367332
252,BraTS2021_01530,0,0,TN,0.0011056146
253,BraTS2021_01530,0,0,TN,0.0011263734
254,BraTS2021_01530,0,0,TN,0.0009802423
255,BraTS2021_01530,0,0,TN,0.001030205
256,BraTS2021_01530,0,0,TN,0.0012181741
257,BraTS2021_01530,0,0,TN,0.00068607007
258,BraTS2021_01530,0,0,TN,0.0005157372
259,BraTS2021_01530,0,0,TN,0.0005829559
260,BraTS2021_01530,0,0,TN,0.00052205427
261,BraTS2021_01532,0,0,TN,0.0010346757
262,BraTS2021_01532,0,0,TN,0.0012269675
263,BraTS2021_01534,0,0,TN,0.00037848143
264,BraTS2021_01534,0,0,TN,0.0005291073
265,BraTS2021_01534,0,0,TN,0.0006230277
266,BraTS2021_01534,0,0,TN,0.0006919224
267,BraTS2021_01534,0,0,TN,0.0008289484
268,BraTS2021_01535,0,0,TN,0.0005213872
269,BraTS2021_01535,0,0,TN,0.00038240172
270,BraTS2021_01535,0,0,TN,0.00031328388
271,BraTS2021_01535,0,0,TN,0.0002995789
272,BraTS2021_01535,0,0,TN,0.0002982069
273,BraTS2021_01535,0,0,TN,0.00027924252
274,BraTS2021_01536,0,0,TN,0.0005075455
275,BraTS2021_01536,0,0,TN,0.00049291755
276,BraTS2021_01536,0,0,TN,0.0004884954
277,BraTS2021_01536,0,0,TN,0.00037475157
278,BraTS2021_01536,0,0,TN,0.0003039048
279,BraTS2021_01536,0,0,TN,0.00025170023
280,BraTS2021_01536,0,0,TN,0.00028091203
281,BraTS2021_01536,0,0,TN,0.00024760026
282,BraTS2021_01536,0,0,TN,0.00024785366
283,BraTS2021_01537,0,0,TN,0.00080669776
284,BraTS2021_01538,0,0,TN,0.000881693
285,BraTS2021_01538,0,0,TN,0.0011725388
286,BraTS2021_01538,0,0,TN,0.0008835826
287,BraTS2021_01538,0,0,TN,0.0007646797
288,BraTS2021_01538,0,0,TN,0.0014804676
289,BraTS2021_01538,0,0,TN,0.0017138033
290,BraTS2021_01539,0,0,TN,0.0004870202
291,BraTS2021_01539,0,0,TN,0.00036375376
292,BraTS2021_01539,0,0,TN,0.00043563292
293,BraTS2021_01539,0,0,TN,0.00039355102
294,BraTS2021_01539,0,0,TN,0.0003526915
295,BraTS2021_01539,0,0,TN,0.0004240994
296,BraTS2021_01540,0,0,TN,0.00035580678
297,BraTS2021_01540,0,0,TN,0.00024632402
298,BraTS2021_01540,0,0,TN,0.00022474308
299,BraTS2021_01540,0,0,TN,0.00019610101
300,BraTS2021_01540,0,0,TN,0.00017209728
301,BraTS2021_01540,0,0,TN,0.00014457543
302,BraTS2021_01541,0,0,TN,0.00050235505
303,BraTS2021_01541,0,0,TN,0.000464003
304,BraTS2021_01541,0,0,TN,0.0004231211
305,BraTS2021_01543,0,0,TN,0.0005087959
306,BraTS2021_01543,0,0,TN,0.0006035683
307,BraTS2021_01543,0,0,TN,0.00048230763
308,BraTS2021_01543,0,0,TN,0.00034631288
309,BraTS2021_01543,0,0,TN,0.0003612996
310,BraTS2021_01543,0,0,TN,0.00038161385
311,BraTS2021_01543,0,0,TN,0.0006393739
312,BraTS2021_01543,0,0,TN,0.0008763145
313,BraTS2021_01544,0,0,TN,0.0003369306
314,BraTS2021_01544,0,0,TN,0.00035271613
315,BraTS2021_01544,0,0,TN,0.0003026168
316,BraTS2021_01545,0,0,TN,0.0005702891
317,BraTS2021_01545,0,0,TN,0.00070071453
318,BraTS2021_01545,0,0,TN,0.0006947906
319,BraTS2021_01546,0,0,TN,0.0018144182
320,BraTS2021_01546,0,0,TN,0.0015201597
321,BraTS2021_01546,0,0,TN,0.0014904542
322,BraTS2021_01546,0,0,TN,0.0013411532
323,BraTS2021_01547,0,0,TN,0.0009002001
324,BraTS2021_01548,0,0,TN,0.0018579145
325,BraTS2021_01548,0,0,TN,0.002037484
326,BraTS2021_01548,0,0,TN,0.00193753
327,BraTS2021_01548,0,0,TN,0.0017777021
328,BraTS2021_01548,0,0,TN,0.0017760145
329,BraTS2021_01548,0,0,TN,0.0019005907
330,BraTS2021_01548,0,1,FP,0.0020971023
331,BraTS2021_01548,0,1,FP,0.0023991116
332,BraTS2021_01548,0,1,FP,0.0022014193
333,BraTS2021_01549,0,0,TN,0.000763365
334,BraTS2021_01549,0,0,TN,0.0007093826
335,BraTS2021_01549,0,0,TN,0.0006122029
336,BraTS2021_01549,0,0,TN,0.0005522669
337,BraTS2021_01549,0,0,TN,0.00050510786
338,BraTS2021_01549,0,0,TN,0.0005303817
339,BraTS2021_01549,0,0,TN,0.0005652272
340,BraTS2021_01550,0,0,TN,0.00023170211
341,BraTS2021_01550,0,0,TN,0.00028459064
342,BraTS2021_01550,0,0,TN,0.00027598994
343,BraTS2021_01550,0,0,TN,0.0002606492
344,BraTS2021_01550,0,0,TN,0.0002301564
345,BraTS2021_01551,0,0,TN,0.0018741519
346,BraTS2021_01551,0,0,TN,0.0017587855
347,BraTS2021_01551,0,0,TN,0.0017315458
348,BraTS2021_01551,0,0,TN,0.0018590279
349,BraTS2021_01551,0,0,TN,0.0018234445
350,BraTS2021_01551,0,0,TN,0.0018126604
351,BraTS2021_01551,0,0,TN,0.002009501
352,BraTS2021_01551,0,0,TN,0.0012728941
353,BraTS2021_01551,0,0,TN,0.0013070202
354,BraTS2021_01551,0,0,TN,0.0015144702
355,BraTS2021_01551,0,0,TN,0.0013468111
356,BraTS2021_01551,0,0,TN,0.0013173738
357,BraTS2021_01552,0,0,TN,0.0014558053
358,BraTS2021_01555,0,0,TN,0.0016940637
359,BraTS2021_01555,0,0,TN,0.0018119325
360,BraTS2021_01555,0,1,FP,0.00224238
361,BraTS2021_01555,0,0,TN,0.00089797087
362,BraTS2021_01555,0,0,TN,0.0010327385
363,BraTS2021_01556,0,0,TN,0.00025895706
364,BraTS2021_01556,0,0,TN,0.00026434075
365,BraTS2021_01556,0,0,TN,0.00023088636
366,BraTS2021_01556,0,0,TN,0.00014961271
367,BraTS2021_01556,0,0,TN,0.0001661732
368,BraTS2021_01556,0,0,TN,0.00018277472
369,BraTS2021_01556,0,0,TN,0.0002017235
370,BraTS2021_01556,0,0,TN,0.00017191155
371,BraTS2021_01556,0,0,TN,0.0001790407
372,BraTS2021_01557,0,0,TN,0.000538648
373,BraTS2021_01557,0,0,TN,0.00057159166
374,BraTS2021_01557,0,0,TN,0.0004769161
375,BraTS2021_01557,0,0,TN,0.0004984996
376,BraTS2021_01557,0,0,TN,0.0004691018
377,BraTS2021_01557,0,0,TN,0.00055977894
378,BraTS2021_01557,0,0,TN,0.0005818561
379,BraTS2021_01557,0,0,TN,0.00056189264
380,BraTS2021_01557,0,0,TN,0.0007571421
381,BraTS2021_01558,0,0,TN,0.0007211148
382,BraTS2021_01558,0,0,TN,0.0007076461
383,BraTS2021_01558,0,0,TN,0.00065363775
384,BraTS2021_01558,0,0,TN,0.00058734784
385,BraTS2021_01559,0,0,TN,0.0010939402
386,BraTS2021_01559,0,0,TN,0.000863028
387,BraTS2021_01559,0,0,TN,0.0007521135
388,BraTS2021_01559,0,0,TN,0.00072764745
389,BraTS2021_01559,0,0,TN,0.00088980235
390,BraTS2021_01559,0,0,TN,0.0011372432
391,BraTS2021_01559,0,0,TN,0.0012742848
392,BraTS2021_01559,0,0,TN,0.0014816758
393,BraTS2021_01560,0,0,TN,0.0015257051
394,BraTS2021_01560,0,0,TN,0.0018341648
395,BraTS2021_01560,0,0,TN,0.0019361551
396,BraTS2021_01560,0,0,TN,0.0016532158
397,BraTS2021_01560,0,0,TN,0.0017561048
398,BraTS2021_01560,0,0,TN,0.0014473001
399,BraTS2021_01560,0,0,TN,0.0019430238
400,BraTS2021_01561,0,0,TN,0.0017139519
401,BraTS2021_01561,0,0,TN,0.0015511033
402,BraTS2021_01561,0,0,TN,0.0010960381
403,BraTS2021_01561,0,0,TN,0.0010573661
404,BraTS2021_01561,0,0,TN,0.0009614125
405,BraTS2021_01561,0,0,TN,0.00080972165
406,BraTS2021_01561,0,0,TN,0.0007007504
407,BraTS2021_01563,0,0,TN,0.0007041232
408,BraTS2021_01563,0,0,TN,0.00061030325
409,BraTS2021_01563,0,0,TN,0.00058541127
410,BraTS2021_01563,0,0,TN,0.0005633887
411,BraTS2021_01563,0,0,TN,0.00039788004
412,BraTS2021_01564,0,0,TN,0.00044677436
413,BraTS2021_01564,0,0,TN,0.00048869225
414,BraTS2021_01564,0,0,TN,0.00050887134
415,BraTS2021_01564,0,0,TN,0.0004688745
416,BraTS2021_01565,0,1,FP,0.002677305
417,BraTS2021_01566,0,1,FP,0.0026856528
418,BraTS2021_01566,0,1,FP,0.0028377213
419,BraTS2021_01566,0,1,FP,0.0028543496
420,BraTS2021_01566,0,1,FP,0.002701946
421,BraTS2021_01566,0,1,FP,0.00213154
422,BraTS2021_01566,0,0,TN,0.001794202
423,BraTS2021_01566,0,0,TN,0.0017728687
424,BraTS2021_01566,0,0,TN,0.0018818522
425,BraTS2021_01566,0,0,TN,0.0020183627
426,BraTS2021_01566,0,0,TN,0.0018121079
427,BraTS2021_01566,0,1,FP,0.0020723473
428,BraTS2021_01567,0,0,TN,0.0012170806
429,BraTS2021_01569,0,0,TN,0.00043835348
430,BraTS2021_01570,0,0,TN,0.0010354542
431,BraTS2021_01570,0,0,TN,0.00091441744
432,BraTS2021_01570,0,0,TN,0.00092771533
433,BraTS2021_01570,0,0,TN,0.0008995433
434,BraTS2021_01570,0,0,TN,0.0009150355
435,BraTS2021_01570,0,0,TN,0.00084914145
436,BraTS2021_01570,0,0,TN,0.000936738
437,BraTS2021_01571,0,0,TN,0.0015328154
438,BraTS2021_01571,0,0,TN,0.002019159
439,BraTS2021_01571,0,0,TN,0.0017388691
440,BraTS2021_01571,0,1,FP,0.0021480382
441,BraTS2021_01571,0,1,FP,0.002319992
442,BraTS2021_01571,0,1,FP,0.0024038265
443,BraTS2021_01572,0,0,TN,0.00067177316
444,BraTS2021_01572,0,0,TN,0.0005962228
445,BraTS2021_01572,0,0,TN,0.0005731058
446,BraTS2021_01572,0,0,TN,0.0005220117
447,BraTS2021_01572,0,0,TN,0.0005256
448,BraTS2021_01572,0,0,TN,0.0005899429
449,BraTS2021_01573,0,0,TN,0.0002789735
450,BraTS2021_01574,0,0,TN,0.000503802
451,BraTS2021_01574,0,0,TN,0.0005995372
452,BraTS2021_01574,0,0,TN,0.00071803876
453,BraTS2021_01574,0,0,TN,0.00067222986
454,BraTS2021_01575,0,0,TN,0.00089965295
455,BraTS2021_01575,0,0,TN,0.0010297135
456,BraTS2021_01576,0,0,TN,0.0004152423
457,BraTS2021_01577,0,1,FP,0.0023415468
458,BraTS2021_01577,0,1,FP,0.0021459968
459,BraTS2021_01577,0,0,TN,0.0017231887
460,BraTS2021_01577,0,0,TN,0.0018278208
461,BraTS2021_01577,0,0,TN,0.0015077312
462,BraTS2021_01579,0,0,TN,0.00085102394
463,BraTS2021_01579,0,0,TN,0.000710576
464,BraTS2021_01579,0,0,TN,0.0006929896
465,BraTS2021_01579,0,0,TN,0.00065278495
466,BraTS2021_01579,0,0,TN,0.00057840627
467,BraTS2021_01580,0,0,TN,0.0015771182
468,BraTS2021_01580,0,1,FP,0.0021588416
469,BraTS2021_01580,0,0,TN,0.0011450066
470,BraTS2021_01580,0,0,TN,0.0009862212
471,BraTS2021_01580,0,0,TN,0.0018792202
472,BraTS2021_01580,0,0,TN,0.00072428543
473,BraTS2021_01580,0,0,TN,0.00070490595
474,BraTS2021_01580,0,0,TN,0.0008648989
475,BraTS2021_01580,0,0,TN,0.0007442719
476,BraTS2021_01581,0,0,TN,0.00036724974
477,BraTS2021_01582,0,0,TN,0.00027370546
478,BraTS2021_01582,0,0,TN,0.0001820588
479,BraTS2021_01582,0,0,TN,0.00018089922
480,BraTS2021_01582,0,0,TN,0.0001642617
481,BraTS2021_01583,0,0,TN,0.0010495088
482,BraTS2021_01583,0,0,TN,0.0015352437
483,BraTS2021_01583,0,0,TN,0.00077946036
484,BraTS2021_01583,0,0,TN,0.0008213373
485,BraTS2021_01584,0,0,TN,0.00060393865
486,BraTS2021_01584,0,0,TN,0.0010923643
487,BraTS2021_01584,0,0,TN,0.0008921019
488,BraTS2021_01585,0,0,TN,0.00072597177
489,BraTS2021_01585,0,0,TN,0.0006080478
490,BraTS2021_01585,0,0,TN,0.0005775705
491,BraTS2021_01585,0,0,TN,0.00063038
492,BraTS2021_01585,0,0,TN,0.0006825625
493,BraTS2021_01585,0,0,TN,0.00075944135
494,BraTS2021_01585,0,0,TN,0.0009055207
495,BraTS2021_01586,0,0,TN,0.00072802673
496,BraTS2021_01586,0,0,TN,0.0011151833
497,BraTS2021_01586,0,0,TN,0.0011574553
498,BraTS2021_01586,0,0,TN,0.0011349759
499,BraTS2021_01586,0,0,TN,0.0012282289
500,BraTS2021_01587,0,0,TN,0.0019801857
501,BraTS2021_01588,0,0,TN,0.0005340914
502,BraTS2021_01588,0,0,TN,0.00057179836
503,BraTS2021_01588,0,0,TN,0.00046313647
504,BraTS2021_01588,0,0,TN,0.00041025082
505,BraTS2021_01588,0,0,TN,0.0006271967
506,BraTS2021_01588,0,0,TN,0.0006153898
507,BraTS2021_01588,0,0,TN,0.00076162233
508,BraTS2021_01588,0,0,TN,0.0007191916
509,BraTS2021_01589,0,0,TN,0.0013356681
510,BraTS2021_01589,0,0,TN,0.0011230439
511,BraTS2021_01589,0,0,TN,0.0012309382
512,BraTS2021_01589,0,0,TN,0.0012476093
513,BraTS2021_01590,0,0,TN,0.00070899894
514,BraTS2021_01590,0,0,TN,0.0006868027
515,BraTS2021_01591,0,0,TN,0.0010687247
516,BraTS2021_01591,0,0,TN,0.00094711303
517,BraTS2021_01591,0,0,TN,0.00095484103
518,BraTS2021_01591,0,0,TN,0.0009958067
519,BraTS2021_01591,0,0,TN,0.0011327582
520,BraTS2021_01591,0,0,TN,0.001422417
521,BraTS2021_01591,0,0,TN,0.0014661851
522,BraTS2021_01592,0,1,FP,0.00246497
523,BraTS2021_01592,0,1,FP,0.002246423
524,BraTS2021_01592,0,0,TN,0.0018322427
525,BraTS2021_01592,0,0,TN,0.001347346
526,BraTS2021_01592,0,0,TN,0.0012406567
527,BraTS2021_01592,0,0,TN,0.0010324043
528,BraTS2021_01592,0,0,TN,0.0011420394
529,BraTS2021_01592,0,0,TN,0.0013645799
530,BraTS2021_01592,0,0,TN,0.0013840487
531,BraTS2021_01593,0,0,TN,0.00057975296
532,BraTS2021_01593,0,0,TN,0.00039808737
533,BraTS2021_01594,0,0,TN,0.00029735718
534,BraTS2021_01594,0,0,TN,0.0005893091
535,BraTS2021_01594,0,0,TN,0.0005523414
536,BraTS2021_01594,0,0,TN,0.000558073
537,BraTS2021_01594,0,0,TN,0.00054689357
538,BraTS2021_01594,0,0,TN,0.00061263813
539,BraTS2021_01594,0,0,TN,0.00060282124
540,BraTS2021_01594,0,0,TN,0.0004592325
541,BraTS2021_01594,0,0,TN,0.00033476786
542,BraTS2021_01595,0,0,TN,0.00085234025
543,BraTS2021_01595,0,0,TN,0.000983412
544,BraTS2021_01596,0,0,TN,0.0011850977
545,BraTS2021_01596,0,0,TN,0.001347398
546,BraTS2021_01597,0,0,TN,0.00057976285
547,BraTS2021_01597,0,0,TN,0.0009044125
548,BraTS2021_01599,0,0,TN,0.00036830446
549,BraTS2021_01599,0,0,TN,0.00085555133
550,BraTS2021_01599,0,0,TN,0.0006064975
551,BraTS2021_01599,0,0,TN,0.0005558523
552,BraTS2021_01599,0,0,TN,0.0005507628
553,BraTS2021_01599,0,0,TN,0.0005649587
554,BraTS2021_01600,0,0,TN,0.0009422914
555,BraTS2021_01600,0,0,TN,0.00093736424
556,BraTS2021_01600,0,0,TN,0.000996452
557,BraTS2021_01600,0,0,TN,0.00084894826
558,BraTS2021_01600,0,0,TN,0.0011476327
559,BraTS2021_01600,0,0,TN,0.001247776
560,BraTS2021_01600,0,0,TN,0.0010403796
561,BraTS2021_01600,0,0,TN,0.0009906371
562,BraTS2021_01600,0,0,TN,0.0010968152
563,BraTS2021_01602,0,0,TN,0.00045249265
564,BraTS2021_01602,0,0,TN,0.00048652384
565,BraTS2021_01602,0,0,TN,0.000783077
566,BraTS2021_01603,0,0,TN,0.00063189364
567,BraTS2021_01604,0,0,TN,0.0012581057
568,BraTS2021_01604,0,0,TN,0.0016515955
569,BraTS2021_01604,0,0,TN,0.001527457
570,BraTS2021_01605,0,0,TN,0.0013383772
571,BraTS2021_01605,0,0,TN,0.0013210851
572,BraTS2021_01606,0,0,TN,0.00096941774
573,BraTS2021_01607,0,1,FP,0.002866088
574,BraTS2021_01607,0,1,FP,0.0030089945
575,BraTS2021_01607,0,1,FP,0.0030166642
576,BraTS2021_01607,0,1,FP,0.002835923
577,BraTS2021_01607,0,1,FP,0.0028457153
578,BraTS2021_01607,0,1,FP,0.0029002954
579,BraTS2021_01607,0,1,FP,0.002713046
580,BraTS2021_01608,0,0,TN,0.0014029582
581,BraTS2021_01609,0,0,TN,0.00068218657
582,BraTS2021_01609,0,0,TN,0.00071843516
583,BraTS2021_01610,0,0,TN,0.0010057766
584,BraTS2021_01610,0,0,TN,0.00065882993
585,BraTS2021_01610,0,0,TN,0.0004613367
586,BraTS2021_01610,0,0,TN,0.0003752823
587,BraTS2021_01610,0,0,TN,0.00033770507
588,BraTS2021_01610,0,0,TN,0.00026718574
589,BraTS2021_01611,0,0,TN,0.000951252
590,BraTS2021_01611,0,0,TN,0.0010589017
591,BraTS2021_01611,0,0,TN,0.00053596543
592,BraTS2021_01611,0,0,TN,0.00042050087
593,BraTS2021_01611,0,0,TN,0.0004075999
594,BraTS2021_01611,0,0,TN,0.00041057603
595,BraTS2021_01611,0,0,TN,0.00039326778
596,BraTS2021_01611,0,0,TN,0.000453924
597,BraTS2021_01612,0,0,TN,0.0005633711
598,BraTS2021_01612,0,0,TN,0.00060303695
599,BraTS2021_01613,0,0,TN,0.0014586374
600,BraTS2021_01613,0,0,TN,0.0011822907
601,BraTS2021_01613,0,0,TN,0.0011505396
602,BraTS2021_01613,0,0,TN,0.0012188414
603,BraTS2021_01614,0,0,TN,0.0009668703
604,BraTS2021_01614,0,0,TN,0.001360427
605,BraTS2021_01614,0,0,TN,0.0014650049
606,BraTS2021_01614,0,0,TN,0.0010436554
607,BraTS2021_01614,0,0,TN,0.0010504773
608,BraTS2021_01614,0,0,TN,0.0013349444
609,BraTS2021_01615,0,0,TN,0.0009955509
610,BraTS2021_01615,0,0,TN,0.00090364786
611,BraTS2021_01615,0,0,TN,0.0009507959
612,BraTS2021_01615,0,0,TN,0.00092148467
613,BraTS2021_01615,0,0,TN,0.000793587
614,BraTS2021_01615,0,0,TN,0.0006482023
615,BraTS2021_01615,0,0,TN,0.00057222985
616,BraTS2021_01615,0,0,TN,0.00043145526
617,BraTS2021_01615,0,0,TN,0.00051087054
618,BraTS2021_01616,0,0,TN,0.0009216235
619,BraTS2021_01616,0,0,TN,0.00081294007
620,BraTS2021_01616,0,0,TN,0.00090823026
621,BraTS2021_01616,0,0,TN,0.0011639238
622,BraTS2021_01616,0,0,TN,0.0014108254
623,BraTS2021_01617,0,0,TN,0.0009267348
624,BraTS2021_01617,0,0,TN,0.0009316042
625,BraTS2021_01617,0,0,TN,0.00060466945
626,BraTS2021_01617,0,0,TN,0.00055188895
627,BraTS2021_01617,0,0,TN,0.0005843217
628,BraTS2021_01617,0,0,TN,0.00089697633
629,BraTS2021_01618,0,0,TN,0.0003199799
630,BraTS2021_01618,0,0,TN,0.000602757
631,BraTS2021_01618,0,0,TN,0.00058287726
632,BraTS2021_01618,0,0,TN,0.00048245885
633,BraTS2021_01618,0,0,TN,0.00046102106
634,BraTS2021_01619,0,0,TN,0.0003954142
635,BraTS2021_01619,0,0,TN,0.0004257572
636,BraTS2021_01619,0,0,TN,0.00050615426
637,BraTS2021_01619,0,0,TN,0.0004918728
638,BraTS2021_01620,0,0,TN,0.0010591022
639,BraTS2021_01620,0,0,TN,0.0007220489
640,BraTS2021_01620,0,0,TN,0.00069317827
641,BraTS2021_01620,0,0,TN,0.0006958334
642,BraTS2021_01620,0,0,TN,0.0006452182
643,BraTS2021_01620,0,0,TN,0.00095598795
644,BraTS2021_01620,0,0,TN,0.0009055488
645,BraTS2021_01621,0,0,TN,0.0007363727
646,BraTS2021_01621,0,0,TN,0.0009754534
647,BraTS2021_01622,0,0,TN,0.0012061739
648,BraTS2021_01622,0,0,TN,0.0012960844
649,BraTS2021_01622,0,0,TN,0.0013059356
650,BraTS2021_01622,0,0,TN,0.0012979481
651,BraTS2021_01622,0,0,TN,0.0008646097
652,BraTS2021_01622,0,0,TN,0.00094884326
653,BraTS2021_01622,0,0,TN,0.0011067109
654,BraTS2021_01622,0,0,TN,0.0012076843
655,BraTS2021_01622,0,0,TN,0.0015912852
656,BraTS2021_01622,0,1,FP,0.0021596907
657,BraTS2021_01623,0,0,TN,0.0005937805
658,BraTS2021_01623,0,0,TN,0.0008757372
659,BraTS2021_01623,0,0,TN,0.0008775583
660,BraTS2021_01623,0,0,TN,0.00083005
661,BraTS2021_01623,0,0,TN,0.0010138486
662,BraTS2021_01623,0,0,TN,0.0013513487
663,BraTS2021_01623,0,0,TN,0.0007656485
664,BraTS2021_01624,0,0,TN,0.0009514008
665,BraTS2021_01624,0,0,TN,0.00095420936
666,BraTS2021_01624,0,0,TN,0.00081251905
667,BraTS2021_01624,0,0,TN,0.00053434185
668,BraTS2021_01624,0,0,TN,0.00056618074
669,BraTS2021_01624,0,0,TN,0.0007538462
670,BraTS2021_01624,0,0,TN,0.0009744306
671,BraTS2021_01624,0,0,TN,0.0010915742
672,BraTS2021_01626,0,0,TN,0.0004822504
673,BraTS2021_01626,0,0,TN,0.00052523956
674,BraTS2021_01626,0,0,TN,0.00045286893
675,BraTS2021_01626,0,0,TN,0.00034948072
676,BraTS2021_01626,0,0,TN,0.00036275238
677,BraTS2021_01626,0,0,TN,0.00041977293
678,BraTS2021_01626,0,0,TN,0.00056931656
679,BraTS2021_01626,0,0,TN,0.0004650474
680,BraTS2021_01626,0,0,TN,0.00048094167
681,BraTS2021_01628,0,1,FP,0.0022893203
682,BraTS2021_01628,0,1,FP,0.0026716036
683,BraTS2021_01628,0,1,FP,0.0021594786
684,BraTS2021_01628,0,1,FP,0.002448007
685,BraTS2021_01628,0,1,FP,0.0022776301
686,BraTS2021_01628,0,1,FP,0.0023679577
687,BraTS2021_01628,0,1,FP,0.0022977903
688,BraTS2021_01628,0,0,TN,0.0020117771
689,BraTS2021_01628,0,0,TN,0.0018392256
690,BraTS2021_01628,0,0,TN,0.0017721485
691,BraTS2021_01628,0,0,TN,0.0019830242
692,BraTS2021_01628,0,0,TN,0.0020557805
693,BraTS2021_01628,0,0,TN,0.0013725294
694,BraTS2021_01628,0,1,FP,0.0027847053
695,BraTS2021_01629,0,0,TN,0.0010302357
696,BraTS2021_01629,0,0,TN,0.0009155985
697,BraTS2021_01629,0,0,TN,0.0010231995
698,BraTS2021_01629,0,0,TN,0.0010210807
699,BraTS2021_01629,0,0,TN,0.00095290475
700,BraTS2021_01629,0,0,TN,0.0010217963
701,BraTS2021_01630,0,0,TN,0.0012339992
702,BraTS2021_01630,0,0,TN,0.001962015
703,BraTS2021_01630,0,1,FP,0.0024571978
704,BraTS2021_01630,0,0,TN,0.00199075
705,BraTS2021_01630,0,0,TN,0.0016306716
706,BraTS2021_01631,0,0,TN,0.0016110698
707,BraTS2021_01631,0,0,TN,0.0018913709
708,BraTS2021_01631,0,0,TN,0.0016745732
709,BraTS2021_01632,0,0,TN,0.00062787347
710,BraTS2021_01632,0,0,TN,0.0006403776
711,BraTS2021_01632,0,0,TN,0.00080576475
712,BraTS2021_01632,0,0,TN,0.001217496
713,BraTS2021_01633,0,0,TN,0.00071220496
714,BraTS2021_01633,0,0,TN,0.0008101895
715,BraTS2021_01633,0,0,TN,0.00075813895
716,BraTS2021_01633,0,0,TN,0.0008030396
717,BraTS2021_01633,0,0,TN,0.00082947704
718,BraTS2021_01634,0,0,TN,0.0003617013
719,BraTS2021_01634,0,0,TN,0.0003911209
720,BraTS2021_01634,0,0,TN,0.00046456675
721,BraTS2021_01634,0,0,TN,0.0005508149
722,BraTS2021_01635,0,0,TN,0.0008296439
723,BraTS2021_01635,0,0,TN,0.0010777535
724,BraTS2021_01635,0,0,TN,0.0008975209
725,BraTS2021_01635,0,0,TN,0.000814041
726,BraTS2021_01636,0,0,TN,0.0007750301
727,BraTS2021_01637,0,1,FP,0.002394596
728,BraTS2021_01637,0,1,FP,0.0024179667
729,BraTS2021_01637,0,1,FP,0.0029554558
730,BraTS2021_01637,0,1,FP,0.0022881536
731,BraTS2021_01637,0,1,FP,0.0022082005
732,BraTS2021_01637,0,1,FP,0.0022585306
733,BraTS2021_01637,0,0,TN,0.0019949889
734,BraTS2021_01637,0,0,TN,0.0017852073
735,BraTS2021_01637,0,0,TN,0.0019645486
736,BraTS2021_01637,0,0,TN,0.0017849118
737,BraTS2021_01638,0,0,TN,0.0012303968
738,BraTS2021_01638,0,0,TN,0.002019431
739,BraTS2021_01638,0,0,TN,0.0018101495
740,BraTS2021_01638,0,0,TN,0.0016120049
741,BraTS2021_01638,0,0,TN,0.0017313964
742,BraTS2021_01639,0,0,TN,0.0012885367
743,BraTS2021_01639,0,0,TN,0.0008607218
744,BraTS2021_01640,0,0,TN,0.0015228426
745,BraTS2021_01640,0,0,TN,0.0016401324
746,BraTS2021_01640,0,0,TN,0.0015678947
747,BraTS2021_01640,0,0,TN,0.0014743176
748,BraTS2021_01640,0,0,TN,0.0012316048
749,BraTS2021_01641,0,0,TN,0.0005088869
750,BraTS2021_01641,0,0,TN,0.0006322922
751,BraTS2021_01642,0,0,TN,0.0002518192
752,BraTS2021_01642,0,0,TN,0.00023483334
753,BraTS2021_01642,0,0,TN,0.00018690266
754,BraTS2021_01643,0,0,TN,0.0010023783
755,BraTS2021_01643,0,0,TN,0.0008862398
756,BraTS2021_01643,0,0,TN,0.0009437373
757,BraTS2021_01643,0,0,TN,0.0010733913
758,BraTS2021_01643,0,0,TN,0.0007721682
759,BraTS2021_01643,0,0,TN,0.0008567316
760,BraTS2021_01643,0,0,TN,0.0009479567
761,BraTS2021_01644,0,0,TN,0.00040370648
762,BraTS2021_01644,0,0,TN,0.0008078714
763,BraTS2021_01644,0,0,TN,0.0006446749
764,BraTS2021_01644,0,0,TN,0.00043406046
765,BraTS2021_01644,0,0,TN,0.0006863621
766,BraTS2021_01646,0,0,TN,0.0019980774
767,BraTS2021_01646,0,1,FP,0.0021270746
768,BraTS2021_01647,0,0,TN,0.00096058333
769,BraTS2021_01647,0,0,TN,0.0008486928
770,BraTS2021_01647,0,0,TN,0.001161019
771,BraTS2021_01647,0,0,TN,0.001947953
772,BraTS2021_01648,0,0,TN,0.0015279108
773,BraTS2021_01648,0,1,FP,0.0022510681
774,BraTS2021_01649,0,0,TN,0.0009757405
775,BraTS2021_01649,0,0,TN,0.0009189404
776,BraTS2021_01649,0,0,TN,0.0013070422
777,BraTS2021_01649,0,0,TN,0.0014704332
778,BraTS2021_01649,0,0,TN,0.0014191731
779,BraTS2021_01651,0,0,TN,0.0014703649
780,BraTS2021_01651,0,0,TN,0.0013009749
781,BraTS2021_01651,0,0,TN,0.0014081745
782,BraTS2021_01651,0,0,TN,0.0014017007
783,BraTS2021_01651,0,0,TN,0.0016397673
784,BraTS2021_01651,0,0,TN,0.0014803696
785,BraTS2021_01652,0,0,TN,0.0009846096
786,BraTS2021_01652,0,0,TN,0.0015905446
787,BraTS2021_01652,0,0,TN,0.0011233717
788,BraTS2021_01655,0,0,TN,0.00016526137
789,BraTS2021_01656,0,0,TN,0.0003740762
790,BraTS2021_01656,0,0,TN,0.00033241886
791,BraTS2021_01656,0,0,TN,0.00036191655
792,BraTS2021_01656,0,0,TN,0.0003668907
793,BraTS2021_01656,0,0,TN,0.00031233917
794,BraTS2021_01656,0,0,TN,0.00038055592
795,BraTS2021_01656,0,0,TN,0.0004021997
796,BraTS2021_01657,0,0,TN,0.0003094891
797,BraTS2021_01658,0,0,TN,0.0010424277
798,BraTS2021_01659,0,0,TN,0.00026277895
799,BraTS2021_01660,0,0,TN,0.0005222624
800,BraTS2021_01660,0,0,TN,0.0008115467
801,BraTS2021_01660,0,0,TN,0.0008822223
802,BraTS2021_01660,0,0,TN,0.0007605279
803,BraTS2021_01660,0,0,TN,0.00081486907
804,BraTS2021_01661,0,0,TN,0.00051376614
805,BraTS2021_01661,0,0,TN,0.00050833833
806,BraTS2021_01661,0,0,TN,0.00044332637
807,BraTS2021_01662,0,0,TN,0.0011734737
808,BraTS2021_01662,0,0,TN,0.0012393411
809,BraTS2021_01662,0,0,TN,0.0013379953
810,BraTS2021_01662,0,0,TN,0.0012239108
811,BraTS2021_01662,0,0,TN,0.0013227335
812,BraTS2021_01662,0,0,TN,0.0012540467
813,BraTS2021_01663,0,0,TN,0.001821516
814,BraTS2021_01663,0,0,TN,0.0015862401
815,BraTS2021_01663,0,0,TN,0.001080455
816,BraTS2021_01663,0,0,TN,0.00081096543
817,BraTS2021_01663,0,0,TN,0.0007168538
818,BraTS2021_01663,0,0,TN,0.0007927414
819,BraTS2021_01663,0,0,TN,0.00072787673
820,BraTS2021_01663,0,0,TN,0.0018256819
821,BraTS2021_01664,0,0,TN,0.001238883
822,BraTS2021_01665,0,0,TN,0.0003568809
823,BraTS2021_01665,0,0,TN,0.00033045223
824,BraTS2021_01665,0,0,TN,0.00029296754
825,BraTS2021_01665,0,0,TN,0.00021746881
826,BraTS2021_01666,0,0,TN,0.0004670362
827,BraTS2021_01666,0,0,TN,0.00058922096
828,BraTS2021_01467,1,0,FN,0.0007288096
829,BraTS2021_01467,1,0,FN,0.0010745842
830,BraTS2021_01467,1,0,FN,0.0014819953
831,BraTS2021_01467,1,0,FN,0.0015752359
832,BraTS2021_01467,1,0,FN,0.0017037184
833,BraTS2021_01467,1,0,FN,0.0017493941
834,BraTS2021_01467,1,0,FN,0.0018465081
835,BraTS2021_01467,1,0,FN,0.0019151331
836,BraTS2021_01467,1,0,FN,0.0016876134
837,BraTS2021_01467,1,0,FN,0.0012205621
838,BraTS2021_01467,1,0,FN,0.0011551699
839,BraTS2021_01467,1,0,FN,0.0010350547
840,BraTS2021_01468,1,0,FN,0.001182565
841,BraTS2021_01468,1,1,TP,0.0021617096
842,BraTS2021_01468,1,0,FN,0.0017241426
843,BraTS2021_01468,1,0,FN,0.0011099746
844,BraTS2021_01468,1,0,FN,0.0007943164
845,BraTS2021_01468,1,0,FN,0.0019828381
846,BraTS2021_01469,1,0,FN,0.000576842
847,BraTS2021_01469,1,0,FN,0.0007422822
848,BraTS2021_01469,1,0,FN,0.0007836499
849,BraTS2021_01469,1,0,FN,0.0006622998
850,BraTS2021_01469,1,0,FN,0.00047409823
851,BraTS2021_01469,1,0,FN,0.00058637443
852,BraTS2021_01470,1,1,TP,0.0026443168
853,BraTS2021_01470,1,1,TP,0.0022610635
854,BraTS2021_01470,1,1,TP,0.0027483855
855,BraTS2021_01470,1,1,TP,0.0025707416
856,BraTS2021_01470,1,1,TP,0.00280077
857,BraTS2021_01470,1,1,TP,0.0022835343
858,BraTS2021_01470,1,0,FN,0.0018924151
859,BraTS2021_01470,1,0,FN,0.0019896685
860,BraTS2021_01471,1,0,FN,0.0015060853
861,BraTS2021_01471,1,0,FN,0.0019074515
862,BraTS2021_01471,1,1,TP,0.0032799945
863,BraTS2021_01471,1,1,TP,0.0040214984
864,BraTS2021_01471,1,1,TP,0.0045716977
865,BraTS2021_01471,1,1,TP,0.003916474
866,BraTS2021_01471,1,1,TP,0.0034883393
867,BraTS2021_01471,1,1,TP,0.0030339402
868,BraTS2021_01471,1,1,TP,0.0024167567
869,BraTS2021_01471,1,1,TP,0.002064549
870,BraTS2021_01471,1,0,FN,0.0018445905
871,BraTS2021_01471,1,0,FN,0.0014601394
872,BraTS2021_01472,1,0,FN,0.0019804067
873,BraTS2021_01472,1,0,FN,0.0016789277
874,BraTS2021_01472,1,0,FN,0.0015465107
875,BraTS2021_01472,1,1,TP,0.0021137171
876,BraTS2021_01473,1,0,FN,0.00048358616
877,BraTS2021_01473,1,0,FN,0.0016842302
878,BraTS2021_01473,1,1,TP,0.0034644334
879,BraTS2021_01473,1,1,TP,0.00503643
880,BraTS2021_01473,1,1,TP,0.0037933826
881,BraTS2021_01473,1,0,FN,0.0012878891
882,BraTS2021_01473,1,0,FN,0.00078964705
883,BraTS2021_01473,1,0,FN,0.0004754926
884,BraTS2021_01473,1,0,FN,0.00020402274
885,BraTS2021_01473,1,0,FN,0.00079104
886,BraTS2021_01474,1,0,FN,0.0005930866
887,BraTS2021_01474,1,0,FN,0.00095968426
888,BraTS2021_01474,1,0,FN,0.0017819379
889,BraTS2021_01474,1,0,FN,0.0017913783
890,BraTS2021_01474,1,0,FN,0.001758062
891,BraTS2021_01474,1,0,FN,0.0012360713
892,BraTS2021_01474,1,0,FN,0.00065091025
893,BraTS2021_01474,1,0,FN,0.0005223352
894,BraTS2021_01474,1,0,FN,0.00066936866
895,BraTS2021_01475,1,0,FN,0.00140572
896,BraTS2021_01475,1,1,TP,0.002514044
897,BraTS2021_01475,1,1,TP,0.0026394245
898,BraTS2021_01475,1,1,TP,0.0026804446
899,BraTS2021_01475,1,1,TP,0.003332016
900,BraTS2021_01475,1,1,TP,0.0035564317
901,BraTS2021_01475,1,1,TP,0.003337253
902,BraTS2021_01475,1,1,TP,0.0033955236
903,BraTS2021_01475,1,1,TP,0.0034932601
904,BraTS2021_01475,1,1,TP,0.0021799866
905,BraTS2021_01475,1,1,TP,0.0028797735
906,BraTS2021_01475,1,1,TP,0.0020982763
907,BraTS2021_01475,1,0,FN,0.001466439
908,BraTS2021_01475,1,0,FN,0.0010108833
909,BraTS2021_01476,1,0,FN,0.0011715114
910,BraTS2021_01476,1,0,FN,0.0011692266
911,BraTS2021_01476,1,0,FN,0.0010319408
912,BraTS2021_01476,1,0,FN,0.0011035503
913,BraTS2021_01476,1,0,FN,0.00076800113
914,BraTS2021_01476,1,0,FN,0.0012120714
915,BraTS2021_01476,1,0,FN,0.0011701791
916,BraTS2021_01476,1,0,FN,0.0008619926
917,BraTS2021_01476,1,0,FN,0.00049668143
918,BraTS2021_01476,1,0,FN,0.00071199425
919,BraTS2021_01477,1,0,FN,0.0017305755
920,BraTS2021_01477,1,1,TP,0.003229469
921,BraTS2021_01477,1,1,TP,0.004252781
922,BraTS2021_01477,1,1,TP,0.0038715203
923,BraTS2021_01477,1,1,TP,0.003762493
924,BraTS2021_01477,1,1,TP,0.0040949015
925,BraTS2021_01477,1,1,TP,0.002982118
926,BraTS2021_01477,1,1,TP,0.002681649
927,BraTS2021_01477,1,0,FN,0.0018271409
928,BraTS2021_01477,1,1,TP,0.0028983944
929,BraTS2021_01477,1,0,FN,0.0009948558
930,BraTS2021_01478,1,0,FN,0.001608779
931,BraTS2021_01478,1,1,TP,0.0025164613
932,BraTS2021_01478,1,1,TP,0.0025553303
933,BraTS2021_01478,1,1,TP,0.002444164
934,BraTS2021_01478,1,1,TP,0.00234353
935,BraTS2021_01478,1,1,TP,0.0027610685
936,BraTS2021_01478,1,1,TP,0.003130387
937,BraTS2021_01478,1,1,TP,0.003112935
938,BraTS2021_01478,1,1,TP,0.0023126712
939,BraTS2021_01478,1,1,TP,0.0021528336
940,BraTS2021_01478,1,0,FN,0.001373259
941,BraTS2021_01478,1,0,FN,0.0010870235
942,BraTS2021_01479,1,0,FN,0.0011263705
943,BraTS2021_01479,1,0,FN,0.0011266944
944,BraTS2021_01479,1,0,FN,0.00089257915
945,BraTS2021_01479,1,0,FN,0.0012579324
946,BraTS2021_01479,1,0,FN,0.0016381863
947,BraTS2021_01479,1,0,FN,0.0019922778
948,BraTS2021_01479,1,0,FN,0.0016931477
949,BraTS2021_01479,1,0,FN,0.0011570806
950,BraTS2021_01479,1,0,FN,0.0010782841
951,BraTS2021_01479,1,0,FN,0.001003794
952,BraTS2021_01479,1,0,FN,0.0008222426
953,BraTS2021_01479,1,0,FN,0.0006683483
954,BraTS2021_01480,1,0,FN,0.00052917725
955,BraTS2021_01480,1,0,FN,0.000906152
956,BraTS2021_01480,1,0,FN,0.0009257679
957,BraTS2021_01480,1,0,FN,0.000817244
958,BraTS2021_01480,1,0,FN,0.00080431974
959,BraTS2021_01481,1,0,FN,0.0015139896
960,BraTS2021_01481,1,0,FN,0.0019961623
961,BraTS2021_01481,1,0,FN,0.0020441664
962,BraTS2021_01481,1,1,TP,0.0021456932
963,BraTS2021_01481,1,1,TP,0.0021321531
964,BraTS2021_01481,1,0,FN,0.0017815095
965,BraTS2021_01481,1,0,FN,0.0014952542
966,BraTS2021_01481,1,0,FN,0.0012654462
967,BraTS2021_01481,1,0,FN,0.0008710616
968,BraTS2021_01481,1,0,FN,0.00093760184
969,BraTS2021_01482,1,0,FN,0.0009688772
970,BraTS2021_01482,1,0,FN,0.0016047864
971,BraTS2021_01482,1,0,FN,0.0006770383
972,BraTS2021_01482,1,0,FN,0.0005692374
973,BraTS2021_01482,1,0,FN,0.0006502578
974,BraTS2021_01482,1,0,FN,0.0007620337
975,BraTS2021_01482,1,0,FN,0.0006864147
976,BraTS2021_01482,1,0,FN,0.0005535199
977,BraTS2021_01482,1,0,FN,0.0004139525
978,BraTS2021_01482,1,0,FN,0.0013301014
979,BraTS2021_01483,1,0,FN,0.00069123134
980,BraTS2021_01483,1,0,FN,0.00075029343
981,BraTS2021_01483,1,0,FN,0.0009924298
982,BraTS2021_01483,1,0,FN,0.001247156
983,BraTS2021_01483,1,0,FN,0.0014389921
984,BraTS2021_01483,1,0,FN,0.0017274579
985,BraTS2021_01483,1,0,FN,0.0017135565
986,BraTS2021_01483,1,0,FN,0.0012583977
987,BraTS2021_01483,1,0,FN,0.00089491083
988,BraTS2021_01483,1,0,FN,0.0007263012
989,BraTS2021_01483,1,0,FN,0.0006093161
990,BraTS2021_01483,1,0,FN,0.0004914331
991,BraTS2021_01484,1,0,FN,0.0016123151
992,BraTS2021_01484,1,0,FN,0.001957341
993,BraTS2021_01484,1,1,TP,0.0025353334
994,BraTS2021_01484,1,1,TP,0.0029375053
995,BraTS2021_01484,1,1,TP,0.0030040524
996,BraTS2021_01484,1,1,TP,0.0029296177
997,BraTS2021_01484,1,1,TP,0.0027521192
998,BraTS2021_01484,1,1,TP,0.002936472
999,BraTS2021_01484,1,1,TP,0.0024579854
1000,BraTS2021_01484,1,1,TP,0.002367656
1001,BraTS2021_01484,1,0,FN,0.002005863
1002,BraTS2021_01484,1,0,FN,0.0012609204
1003,BraTS2021_01484,1,0,FN,0.0012081908
1004,BraTS2021_01485,1,0,FN,0.0011027155
1005,BraTS2021_01485,1,0,FN,0.0014247836
1006,BraTS2021_01485,1,0,FN,0.0016892392
1007,BraTS2021_01485,1,0,FN,0.0020022346
1008,BraTS2021_01485,1,1,TP,0.0021393239
1009,BraTS2021_01485,1,0,FN,0.0017412154
1010,BraTS2021_01485,1,0,FN,0.0013468645
1011,BraTS2021_01485,1,0,FN,0.0008421012
1012,BraTS2021_01485,1,0,FN,0.0007184767
1013,BraTS2021_01486,1,0,FN,0.0009191107
1014,BraTS2021_01486,1,0,FN,0.0018339267
1015,BraTS2021_01486,1,1,TP,0.0022845725
1016,BraTS2021_01486,1,1,TP,0.0025720992
1017,BraTS2021_01486,1,1,TP,0.0028795449
1018,BraTS2021_01486,1,1,TP,0.0034626878
1019,BraTS2021_01486,1,1,TP,0.0034124951
1020,BraTS2021_01486,1,1,TP,0.0030504027
1021,BraTS2021_01486,1,1,TP,0.0025291704
1022,BraTS2021_01486,1,0,FN,0.0014816034
1023,BraTS2021_01486,1,0,FN,0.0017470474
1024,BraTS2021_01486,1,0,FN,0.0013594222
1025,BraTS2021_01486,1,0,FN,0.0012406963
1026,BraTS2021_01486,1,0,FN,0.0010867845
1027,BraTS2021_01487,1,0,FN,0.0015099794
1028,BraTS2021_01487,1,1,TP,0.0020676549
1029,BraTS2021_01487,1,1,TP,0.0023270743
1030,BraTS2021_01487,1,1,TP,0.0024954844
1031,BraTS2021_01487,1,1,TP,0.0022498162
1032,BraTS2021_01487,1,0,FN,0.001774841
1033,BraTS2021_01487,1,0,FN,0.0014310114
1034,BraTS2021_01487,1,0,FN,0.0008589459
1035,BraTS2021_01487,1,0,FN,0.0018886533
1036,BraTS2021_01488,1,0,FN,0.0008988157
1037,BraTS2021_01488,1,0,FN,0.0010046283
1038,BraTS2021_01488,1,0,FN,0.00095958635
1039,BraTS2021_01488,1,0,FN,0.0009620655
1040,BraTS2021_01488,1,0,FN,0.0012224821
1041,BraTS2021_01488,1,0,FN,0.0014310981
1042,BraTS2021_01488,1,0,FN,0.0012188104
1043,BraTS2021_01488,1,0,FN,0.0010443125
1044,BraTS2021_01489,1,0,FN,0.001657396
1045,BraTS2021_01489,1,0,FN,0.0020270334
1046,BraTS2021_01489,1,0,FN,0.0020110935
1047,BraTS2021_01489,1,1,TP,0.0024838469
1048,BraTS2021_01489,1,1,TP,0.0027373666
1049,BraTS2021_01489,1,1,TP,0.002754363
1050,BraTS2021_01489,1,1,TP,0.0024988104
1051,BraTS2021_01489,1,0,FN,0.0019964725
1052,BraTS2021_01489,1,0,FN,0.0014391021
1053,BraTS2021_01489,1,0,FN,0.0014204087
1054,BraTS2021_01489,1,0,FN,0.0014621635
1055,BraTS2021_01489,1,0,FN,0.0011800814
1056,BraTS2021_01489,1,1,TP,0.0023039696
1057,BraTS2021_01490,1,0,FN,0.0007037645
1058,BraTS2021_01490,1,0,FN,0.000693298
1059,BraTS2021_01490,1,0,FN,0.00088041404
1060,BraTS2021_01490,1,0,FN,0.0017589505
1061,BraTS2021_01490,1,1,TP,0.0024180906
1062,BraTS2021_01490,1,1,TP,0.002686278
1063,BraTS2021_01490,1,1,TP,0.0026924575
1064,BraTS2021_01490,1,1,TP,0.0023772728
1065,BraTS2021_01490,1,1,TP,0.0025177286
1066,BraTS2021_01490,1,1,TP,0.0024715795
1067,BraTS2021_01490,1,0,FN,0.0014270791
1068,BraTS2021_01490,1,0,FN,0.00072913704
1069,BraTS2021_01491,1,0,FN,0.0017590544
1070,BraTS2021_01491,1,1,TP,0.0021887955
1071,BraTS2021_01491,1,0,FN,0.0020006474
1072,BraTS2021_01491,1,0,FN,0.0017177036
1073,BraTS2021_01491,1,0,FN,0.0014199396
1074,BraTS2021_01491,1,0,FN,0.0010753719
1075,BraTS2021_01491,1,0,FN,0.001236811
1076,BraTS2021_01491,1,0,FN,0.0014409942
1077,BraTS2021_01492,1,0,FN,0.00062010763
1078,BraTS2021_01492,1,0,FN,0.0008235398
1079,BraTS2021_01492,1,0,FN,0.0009987738
1080,BraTS2021_01492,1,0,FN,0.0009905859
1081,BraTS2021_01492,1,0,FN,0.0010621216
1082,BraTS2021_01492,1,0,FN,0.0008484815
1083,BraTS2021_01492,1,0,FN,0.00061984523
1084,BraTS2021_01492,1,0,FN,0.0004485756
1085,BraTS2021_01493,1,0,FN,0.0010047187
1086,BraTS2021_01493,1,0,FN,0.0009797447
1087,BraTS2021_01493,1,0,FN,0.0007961638
1088,BraTS2021_01493,1,0,FN,0.00068395026
1089,BraTS2021_01493,1,0,FN,0.001047656
1090,BraTS2021_01494,1,0,FN,0.0011455184
1091,BraTS2021_01494,1,0,FN,0.0015770043
1092,BraTS2021_01494,1,0,FN,0.0020307344
1093,BraTS2021_01494,1,0,FN,0.0018340626
1094,BraTS2021_01494,1,0,FN,0.0018677064
1095,BraTS2021_01494,1,0,FN,0.0019284061
1096,BraTS2021_01494,1,0,FN,0.0019764914
1097,BraTS2021_01494,1,0,FN,0.0020404048
1098,BraTS2021_01494,1,1,TP,0.0023268792
1099,BraTS2021_01494,1,0,FN,0.001542179
1100,BraTS2021_01494,1,1,TP,0.0024198012
1101,BraTS2021_01494,1,1,TP,0.0021113649
1102,BraTS2021_01494,1,0,FN,0.0011036014
1103,BraTS2021_01495,1,0,FN,0.0010333844
1104,BraTS2021_01495,1,0,FN,0.0014697141
1105,BraTS2021_01495,1,0,FN,0.0016782088
1106,BraTS2021_01495,1,1,TP,0.002223037
1107,BraTS2021_01495,1,0,FN,0.000744927
1108,BraTS2021_01495,1,1,TP,0.0026665316
1109,BraTS2021_01495,1,1,TP,0.0022289401
1110,BraTS2021_01495,1,1,TP,0.0024976507
1111,BraTS2021_01495,1,1,TP,0.0026685472
1112,BraTS2021_01495,1,1,TP,0.002515686
1113,BraTS2021_01495,1,1,TP,0.0022716632
1114,BraTS2021_01495,1,1,TP,0.0021918346
1115,BraTS2021_01495,1,0,FN,0.0018377447
1116,BraTS2021_01495,1,0,FN,0.00082719163
1117,BraTS2021_01496,1,0,FN,0.0012675291
1118,BraTS2021_01496,1,0,FN,0.0017300774
1119,BraTS2021_01496,1,0,FN,0.0020309177
1120,BraTS2021_01496,1,0,FN,0.0019975202
1121,BraTS2021_01496,1,1,TP,0.002195072
1122,BraTS2021_01496,1,1,TP,0.0024464454
1123,BraTS2021_01496,1,1,TP,0.002816455
1124,BraTS2021_01496,1,1,TP,0.0033474078
1125,BraTS2021_01496,1,1,TP,0.0030831501
1126,BraTS2021_01496,1,0,FN,0.0019572014
1127,BraTS2021_01496,1,1,TP,0.0026475452
1128,BraTS2021_01496,1,0,FN,0.0019616813
1129,BraTS2021_01496,1,0,FN,0.0016029715
1130,BraTS2021_01496,1,0,FN,0.0005467156
1131,BraTS2021_01497,1,0,FN,0.000828817
1132,BraTS2021_01497,1,0,FN,0.0014119023
1133,BraTS2021_01497,1,0,FN,0.0012157946
1134,BraTS2021_01497,1,0,FN,0.0011022524
1135,BraTS2021_01497,1,0,FN,0.0010000917
1136,BraTS2021_01497,1,0,FN,0.0013748535
1137,BraTS2021_01498,1,0,FN,0.000983479
1138,BraTS2021_01498,1,1,TP,0.0029419952
1139,BraTS2021_01498,1,1,TP,0.0035182135
1140,BraTS2021_01498,1,1,TP,0.0035344493
1141,BraTS2021_01498,1,1,TP,0.0032328302
1142,BraTS2021_01498,1,1,TP,0.0032129805
1143,BraTS2021_01498,1,1,TP,0.00385939
1144,BraTS2021_01498,1,1,TP,0.004230943
1145,BraTS2021_01498,1,1,TP,0.0039273254
1146,BraTS2021_01498,1,1,TP,0.0024305508
1147,BraTS2021_01498,1,1,TP,0.003130815
1148,BraTS2021_01498,1,0,FN,0.0017506556
1149,BraTS2021_01498,1,0,FN,0.0011485263
1150,BraTS2021_01498,1,0,FN,0.0010784294
1151,BraTS2021_01499,1,1,TP,0.0021957061
1152,BraTS2021_01499,1,1,TP,0.0021504234
1153,BraTS2021_01499,1,1,TP,0.0022216593
1154,BraTS2021_01499,1,1,TP,0.0022430718
1155,BraTS2021_01499,1,1,TP,0.0024958265
1156,BraTS2021_01499,1,0,FN,0.0019016936
1157,BraTS2021_01499,1,1,TP,0.0021720869
1158,BraTS2021_01500,1,0,FN,0.001467424
1159,BraTS2021_01500,1,0,FN,0.0015865805
1160,BraTS2021_01500,1,0,FN,0.0019692003
1161,BraTS2021_01500,1,0,FN,0.0016418162
1162,BraTS2021_01500,1,0,FN,0.0012089654
1163,BraTS2021_01501,1,0,FN,0.00093994586
1164,BraTS2021_01501,1,0,FN,0.0016233643
1165,BraTS2021_01501,1,0,FN,0.0017424457
1166,BraTS2021_01501,1,0,FN,0.0014930475
1167,BraTS2021_01501,1,0,FN,0.0013771643
1168,BraTS2021_01501,1,0,FN,0.0012521389
1169,BraTS2021_01501,1,0,FN,0.0012876338
1170,BraTS2021_01501,1,0,FN,0.0007593652
1171,BraTS2021_01501,1,0,FN,0.0011786397
1172,BraTS2021_01502,1,0,FN,0.0019821397
1173,BraTS2021_01502,1,0,FN,0.0018123019
1174,BraTS2021_01502,1,0,FN,0.0020505688
1175,BraTS2021_01502,1,1,TP,0.002163419
1176,BraTS2021_01502,1,1,TP,0.0022467396
1177,BraTS2021_01502,1,1,TP,0.0020609843
1178,BraTS2021_01502,1,0,FN,0.0015048098
1179,BraTS2021_01502,1,0,FN,0.001038986
1180,BraTS2021_01502,1,0,FN,0.000998243
1181,BraTS2021_01502,1,0,FN,0.0010277783
1182,BraTS2021_01502,1,0,FN,0.0010834187
1183,BraTS2021_01502,1,0,FN,0.000892509
1184,BraTS2021_01502,1,0,FN,0.0018755703
1185,BraTS2021_01503,1,1,TP,0.0025802753
1186,BraTS2021_01503,1,1,TP,0.0026439186
1187,BraTS2021_01503,1,1,TP,0.0027524475
1188,BraTS2021_01503,1,1,TP,0.0024986009
1189,BraTS2021_01503,1,1,TP,0.0024394812
1190,BraTS2021_01503,1,0,FN,0.0019948967
1191,BraTS2021_01503,1,0,FN,0.0020543872
1192,BraTS2021_01503,1,0,FN,0.001591191
1193,BraTS2021_01503,1,0,FN,0.0016901048
1194,BraTS2021_01503,1,1,TP,0.002270281
1195,BraTS2021_01504,1,0,FN,0.0018570505
1196,BraTS2021_01504,1,1,TP,0.0021554981
1197,BraTS2021_01504,1,1,TP,0.0022690499
1198,BraTS2021_01504,1,1,TP,0.0031607558
1199,BraTS2021_01504,1,1,TP,0.0041342014
1200,BraTS2021_01504,1,1,TP,0.0045562247
1201,BraTS2021_01504,1,1,TP,0.0035089976
1202,BraTS2021_01504,1,1,TP,0.0025539624
1203,BraTS2021_01504,1,1,TP,0.0022289453
1204,BraTS2021_01504,1,0,FN,0.0020489197
1205,BraTS2021_01504,1,0,FN,0.0018764973
1206,BraTS2021_01504,1,1,TP,0.0021354347
1207,BraTS2021_01505,1,1,TP,0.0023924033
1208,BraTS2021_01505,1,1,TP,0.0026163755
1209,BraTS2021_01505,1,1,TP,0.0026159307
1210,BraTS2021_01505,1,1,TP,0.0023274545
1211,BraTS2021_01505,1,1,TP,0.0021258204
1212,BraTS2021_01505,1,0,FN,0.0019466523
1213,BraTS2021_01505,1,1,TP,0.0027185255
1214,BraTS2021_01505,1,1,TP,0.002711369
1215,BraTS2021_01505,1,1,TP,0.002249487
1216,BraTS2021_01505,1,1,TP,0.0028075445
1217,BraTS2021_01506,1,0,FN,0.00094071886
1218,BraTS2021_01506,1,0,FN,0.00079229544
1219,BraTS2021_01506,1,0,FN,0.00069867854
1220,BraTS2021_01506,1,0,FN,0.0006678896
1221,BraTS2021_01506,1,0,FN,0.00071123627
1222,BraTS2021_01506,1,0,FN,0.0006276182
1223,BraTS2021_01506,1,0,FN,0.00091876293
1224,BraTS2021_01506,1,0,FN,0.0006511032
1225,BraTS2021_01506,1,0,FN,0.0005624568
1226,BraTS2021_01506,1,0,FN,0.0005170669
1227,BraTS2021_01506,1,0,FN,0.00048634678
1228,BraTS2021_01506,1,0,FN,0.00053567265
1229,BraTS2021_01506,1,0,FN,0.00056783285
1230,BraTS2021_01506,1,0,FN,0.00082268903
1231,BraTS2021_01507,1,0,FN,0.0012746546
1232,BraTS2021_01507,1,0,FN,0.0015137567
1233,BraTS2021_01507,1,0,FN,0.00155266
1234,BraTS2021_01507,1,0,FN,0.001457247
1235,BraTS2021_01507,1,0,FN,0.0014976459
1236,BraTS2021_01507,1,0,FN,0.0012990861
1237,BraTS2021_01507,1,0,FN,0.0010852559
1238,BraTS2021_01507,1,0,FN,0.00067782385
1239,BraTS2021_01507,1,0,FN,0.0005528465
1240,BraTS2021_01507,1,0,FN,0.0014051812
1241,BraTS2021_01508,1,0,FN,0.0013317597
1242,BraTS2021_01508,1,0,FN,0.0012155739
1243,BraTS2021_01508,1,0,FN,0.000939967
1244,BraTS2021_01508,1,0,FN,0.00087306194
1245,BraTS2021_01508,1,0,FN,0.0009099833
1246,BraTS2021_01508,1,0,FN,0.0009830162
1247,BraTS2021_01508,1,0,FN,0.0010449514
1248,BraTS2021_01508,1,0,FN,0.0012124503
1249,BraTS2021_01508,1,0,FN,0.0011146115
1250,BraTS2021_01509,1,0,FN,0.00089454086
1251,BraTS2021_01509,1,0,FN,0.0016500726
1252,BraTS2021_01509,1,0,FN,0.0015065423
1253,BraTS2021_01509,1,0,FN,0.0015752593
1254,BraTS2021_01509,1,0,FN,0.0012101241
1255,BraTS2021_01510,1,0,FN,0.00081696175
1256,BraTS2021_01510,1,0,FN,0.0010867809
1257,BraTS2021_01510,1,0,FN,0.0012563573
1258,BraTS2021_01510,1,0,FN,0.0011743951
1259,BraTS2021_01510,1,0,FN,0.000978888
1260,BraTS2021_01510,1,0,FN,0.00094680395
1261,BraTS2021_01510,1,0,FN,0.0009793926
1262,BraTS2021_01510,1,0,FN,0.0007969174
1263,BraTS2021_01510,1,0,FN,0.0007336029
1264,BraTS2021_01511,1,0,FN,0.0014364967
1265,BraTS2021_01511,1,0,FN,0.001428097
1266,BraTS2021_01511,1,0,FN,0.0013353865
1267,BraTS2021_01511,1,0,FN,0.0020046122
1268,BraTS2021_01511,1,1,TP,0.0022565194
1269,BraTS2021_01511,1,0,FN,0.0017194818
1270,BraTS2021_01511,1,0,FN,0.001461665
1271,BraTS2021_01511,1,0,FN,0.0014842214
1272,BraTS2021_01511,1,0,FN,0.0014502802
1273,BraTS2021_01511,1,0,FN,0.001188751
1274,BraTS2021_01511,1,0,FN,0.0012581422
1275,BraTS2021_01511,1,0,FN,0.0014340504
1276,BraTS2021_01512,1,0,FN,0.0020218366
1277,BraTS2021_01512,1,1,TP,0.0032002712
1278,BraTS2021_01512,1,1,TP,0.0033245615
1279,BraTS2021_01512,1,1,TP,0.0030925064
1280,BraTS2021_01512,1,1,TP,0.0031745816
1281,BraTS2021_01512,1,1,TP,0.0034628478
1282,BraTS2021_01512,1,1,TP,0.0026577595
1283,BraTS2021_01512,1,1,TP,0.002171111
1284,BraTS2021_01512,1,0,FN,0.0016796895
1285,BraTS2021_01512,1,1,TP,0.0027808582
1286,BraTS2021_01512,1,0,FN,0.0012591609
1287,BraTS2021_01512,1,0,FN,0.00119445
1288,BraTS2021_01513,1,0,FN,0.0018940646
1289,BraTS2021_01513,1,1,TP,0.0021459383
1290,BraTS2021_01513,1,1,TP,0.0021999609
1291,BraTS2021_01513,1,0,FN,0.0020567228
1292,BraTS2021_01513,1,1,TP,0.003040698
1293,BraTS2021_01513,1,1,TP,0.0037951623
1294,BraTS2021_01513,1,1,TP,0.0026422516
1295,BraTS2021_01513,1,0,FN,0.0019355722
1296,BraTS2021_01513,1,0,FN,0.0015097609
1297,BraTS2021_01513,1,0,FN,0.0012262529
1298,BraTS2021_01513,1,0,FN,0.0010871392
1299,BraTS2021_01513,1,0,FN,0.0012215112
1300,BraTS2021_01514,1,0,FN,0.0009806484
1301,BraTS2021_01514,1,0,FN,0.0016312611
1302,BraTS2021_01514,1,0,FN,0.0014958376
1303,BraTS2021_01514,1,0,FN,0.0013566163
1304,BraTS2021_01514,1,0,FN,0.0012275915
1305,BraTS2021_01514,1,0,FN,0.0011740655
1306,BraTS2021_01514,1,0,FN,0.00097115897
1307,BraTS2021_01514,1,0,FN,0.0007469872
1308,BraTS2021_01514,1,0,FN,0.0013461252
1309,BraTS2021_01515,1,0,FN,0.0014660228
1310,BraTS2021_01515,1,0,FN,0.0017921324
1311,BraTS2021_01515,1,0,FN,0.0019006681
1312,BraTS2021_01515,1,0,FN,0.001691567
1313,BraTS2021_01515,1,0,FN,0.0014933588
1314,BraTS2021_01515,1,0,FN,0.0013408125
1315,BraTS2021_01515,1,0,FN,0.0011091221
1316,BraTS2021_01515,1,0,FN,0.0011965117
1317,BraTS2021_01515,1,0,FN,0.00096547086
1318,BraTS2021_01515,1,0,FN,0.0016265564
1319,BraTS2021_01515,1,0,FN,0.00039622287
1320,BraTS2021_01516,1,0,FN,0.0005736566
1321,BraTS2021_01516,1,0,FN,0.0009296364
1322,BraTS2021_01516,1,0,FN,0.0011295879
1323,BraTS2021_01516,1,0,FN,0.0011032332
1324,BraTS2021_01516,1,0,FN,0.000907328
1325,BraTS2021_01516,1,0,FN,0.0010000253
1326,BraTS2021_01517,1,0,FN,0.001298119
1327,BraTS2021_01517,1,0,FN,0.0016241038
1328,BraTS2021_01517,1,0,FN,0.0017305582
1329,BraTS2021_01517,1,0,FN,0.0019457614
1330,BraTS2021_01517,1,1,TP,0.00220738
1331,BraTS2021_01517,1,1,TP,0.0030921022
1332,BraTS2021_01517,1,1,TP,0.0025874607
1333,BraTS2021_01517,1,0,FN,0.0016822722
1334,BraTS2021_01517,1,0,FN,0.0015226154
1335,BraTS2021_01517,1,0,FN,0.0012739135
1336,BraTS2021_01517,1,0,FN,0.0014480981
1337,BraTS2021_01517,1,0,FN,0.0014069602
1338,BraTS2021_01517,1,0,FN,0.0011433361
1339,BraTS2021_01517,1,0,FN,0.0010909097
1340,BraTS2021_01518,1,0,FN,0.0017991834
1341,BraTS2021_01518,1,1,TP,0.0024310332
1342,BraTS2021_01518,1,1,TP,0.0042145206
1343,BraTS2021_01518,1,1,TP,0.0061180443
1344,BraTS2021_01518,1,1,TP,0.006550915
1345,BraTS2021_01518,1,1,TP,0.0057761343
1346,BraTS2021_01518,1,1,TP,0.005176781
1347,BraTS2021_01518,1,1,TP,0.0044580954
1348,BraTS2021_01518,1,1,TP,0.0039221966
1349,BraTS2021_01518,1,1,TP,0.0034546184
1350,BraTS2021_01518,1,1,TP,0.002866654
1351,BraTS2021_01519,1,0,FN,0.0010595226
1352,BraTS2021_01519,1,0,FN,0.0011544287
1353,BraTS2021_01519,1,0,FN,0.0012750406
1354,BraTS2021_01519,1,0,FN,0.0011184446
1355,BraTS2021_01519,1,0,FN,0.0010249801
1356,BraTS2021_01519,1,0,FN,0.0008192113
1357,BraTS2021_01519,1,0,FN,0.00058618153
1358,BraTS2021_01519,1,0,FN,0.00060305407
1359,BraTS2021_01520,1,0,FN,0.0006314404
1360,BraTS2021_01520,1,0,FN,0.0008927968
1361,BraTS2021_01520,1,0,FN,0.00086810935
1362,BraTS2021_01520,1,0,FN,0.0007780556
1363,BraTS2021_01520,1,0,FN,0.0008107636
1364,BraTS2021_01520,1,0,FN,0.0006989982
1365,BraTS2021_01520,1,0,FN,0.00056315004
1366,BraTS2021_01521,1,0,FN,0.00060968706
1367,BraTS2021_01521,1,0,FN,0.0012887041
1368,BraTS2021_01521,1,0,FN,0.0013732038
1369,BraTS2021_01521,1,0,FN,0.0013676756
1370,BraTS2021_01521,1,0,FN,0.00136081
1371,BraTS2021_01521,1,0,FN,0.0019090222
1372,BraTS2021_01521,1,0,FN,0.0016082566
1373,BraTS2021_01521,1,0,FN,0.0013381379
1374,BraTS2021_01521,1,0,FN,0.0011382764
1375,BraTS2021_01521,1,0,FN,0.0010829299
1376,BraTS2021_01521,1,0,FN,0.00074012025
1377,BraTS2021_01521,1,0,FN,0.0011383131
1378,BraTS2021_01521,1,0,FN,0.0005541766
1379,BraTS2021_01521,1,0,FN,0.0003689061
1380,BraTS2021_01522,1,0,FN,0.0010301195
1381,BraTS2021_01522,1,0,FN,0.0013320625
1382,BraTS2021_01522,1,0,FN,0.0014797822
1383,BraTS2021_01522,1,0,FN,0.0015121835
1384,BraTS2021_01522,1,0,FN,0.0018541121
1385,BraTS2021_01522,1,0,FN,0.0015040298
1386,BraTS2021_01522,1,0,FN,0.0010058815
1387,BraTS2021_01523,1,1,TP,0.0022857154
1388,BraTS2021_01523,1,1,TP,0.0028267778
1389,BraTS2021_01523,1,1,TP,0.0029896835
1390,BraTS2021_01523,1,1,TP,0.0038166642
1391,BraTS2021_01523,1,1,TP,0.004325918
1392,BraTS2021_01523,1,1,TP,0.0045646685
1393,BraTS2021_01523,1,1,TP,0.0048920074
1394,BraTS2021_01523,1,1,TP,0.0043217456
1395,BraTS2021_01523,1,1,TP,0.0029437803
1396,BraTS2021_01523,1,1,TP,0.0023002655
1397,BraTS2021_01523,1,0,FN,0.0017993939
1398,BraTS2021_01523,1,0,FN,0.001425845
1399,BraTS2021_01523,1,0,FN,0.0011384189
1400,BraTS2021_01523,1,0,FN,0.0005943916
1401,BraTS2021_01524,1,0,FN,0.0011305085
1402,BraTS2021_01524,1,1,TP,0.0025704633
1403,BraTS2021_01524,1,1,TP,0.0026003122
1404,BraTS2021_01524,1,1,TP,0.0029267287
1405,BraTS2021_01524,1,1,TP,0.0028814035
1406,BraTS2021_01524,1,1,TP,0.0026243038
1407,BraTS2021_01524,1,1,TP,0.0023742209
1408,BraTS2021_01524,1,0,FN,0.001891949
1409,BraTS2021_01524,1,0,FN,0.00095119106
1410,BraTS2021_01524,1,0,FN,0.0017255998
1411,BraTS2021_01525,1,0,FN,0.0006702042
1412,BraTS2021_01525,1,0,FN,0.00065010076
1413,BraTS2021_01525,1,0,FN,0.0008086986
1414,BraTS2021_01525,1,0,FN,0.0010337359
1415,BraTS2021_01525,1,0,FN,0.0009413305
1416,BraTS2021_01525,1,0,FN,0.0008285001
1417,BraTS2021_01525,1,0,FN,0.0007013958
1418,BraTS2021_01525,1,0,FN,0.00057255465
1419,BraTS2021_01525,1,0,FN,0.00044681638
1420,BraTS2021_01525,1,0,FN,0.00035188967
1421,BraTS2021_01526,1,0,FN,0.0009184063
1422,BraTS2021_01526,1,0,FN,0.0010124005
1423,BraTS2021_01526,1,0,FN,0.0012360547
1424,BraTS2021_01526,1,0,FN,0.002024526
1425,BraTS2021_01526,1,1,TP,0.0026242821
1426,BraTS2021_01526,1,1,TP,0.0024508613
1427,BraTS2021_01527,1,1,TP,0.002570144
1428,BraTS2021_01527,1,1,TP,0.002992428
1429,BraTS2021_01527,1,1,TP,0.0026693582
1430,BraTS2021_01527,1,0,FN,0.0020450603
1431,BraTS2021_01527,1,0,FN,0.0016887296
1432,BraTS2021_01527,1,1,TP,0.0028669038
1433,BraTS2021_01528,1,1,TP,0.0027884974
1434,BraTS2021_01528,1,1,TP,0.0037471608
1435,BraTS2021_01528,1,1,TP,0.0039152624
1436,BraTS2021_01528,1,1,TP,0.00355252
1437,BraTS2021_01528,1,1,TP,0.0031672793
1438,BraTS2021_01528,1,1,TP,0.0030268624
1439,BraTS2021_01528,1,1,TP,0.0026493696
1440,BraTS2021_01528,1,1,TP,0.0020713774
1441,BraTS2021_01528,1,0,FN,0.0012166754
1442,BraTS2021_01528,1,1,TP,0.0035163849
1443,BraTS2021_01528,1,0,FN,0.00054366415
1444,BraTS2021_01529,1,0,FN,0.0011645451
1445,BraTS2021_01529,1,1,TP,0.0027686292
1446,BraTS2021_01529,1,1,TP,0.003626014
1447,BraTS2021_01529,1,1,TP,0.0032085772
1448,BraTS2021_01529,1,1,TP,0.0024593333
1449,BraTS2021_01529,1,0,FN,0.0019132064
1450,BraTS2021_01529,1,0,FN,0.0013302298
1451,BraTS2021_01529,1,0,FN,0.0018181098
1452,BraTS2021_01531,1,0,FN,0.0017702059
1453,BraTS2021_01531,1,0,FN,0.0010445745
1454,BraTS2021_01531,1,0,FN,0.0005268627
1455,BraTS2021_01532,1,0,FN,0.0013401678
1456,BraTS2021_01532,1,1,TP,0.0027373717
1457,BraTS2021_01532,1,1,TP,0.005144428
1458,BraTS2021_01532,1,1,TP,0.005607511
1459,BraTS2021_01532,1,1,TP,0.0052070534
1460,BraTS2021_01532,1,1,TP,0.0040347613
1461,BraTS2021_01532,1,1,TP,0.0032245014
1462,BraTS2021_01532,1,1,TP,0.002794887
1463,BraTS2021_01532,1,1,TP,0.0023906853
1464,BraTS2021_01532,1,0,FN,0.0017297823
1465,BraTS2021_01532,1,0,FN,0.0009160154
1466,BraTS2021_01532,1,0,FN,0.0007707422
1467,BraTS2021_01533,1,0,FN,0.0014043163
1468,BraTS2021_01533,1,1,TP,0.002754432
1469,BraTS2021_01533,1,1,TP,0.0027231711
1470,BraTS2021_01533,1,1,TP,0.0026189107
1471,BraTS2021_01533,1,1,TP,0.0024321408
1472,BraTS2021_01533,1,1,TP,0.002697763
1473,BraTS2021_01533,1,1,TP,0.0032441078
1474,BraTS2021_01533,1,1,TP,0.0034218617
1475,BraTS2021_01533,1,1,TP,0.0030061125
1476,BraTS2021_01533,1,1,TP,0.0024196026
1477,BraTS2021_01533,1,1,TP,0.002452999
1478,BraTS2021_01533,1,1,TP,0.0022383234
1479,BraTS2021_01533,1,0,FN,0.0019976662
1480,BraTS2021_01533,1,0,FN,0.0019450092
1481,BraTS2021_01534,1,0,FN,0.0010899346
1482,BraTS2021_01534,1,0,FN,0.0017664753
1483,BraTS2021_01534,1,0,FN,0.0017421339
1484,BraTS2021_01534,1,0,FN,0.0016546891
1485,BraTS2021_01534,1,0,FN,0.0014429474
1486,BraTS2021_01534,1,0,FN,0.0010439274
1487,BraTS2021_01534,1,0,FN,0.00076446275
1488,BraTS2021_01534,1,0,FN,0.0016132527
1489,BraTS2021_01535,1,0,FN,0.0014106655
1490,BraTS2021_01535,1,0,FN,0.001919019
1491,BraTS2021_01535,1,1,TP,0.002276159
1492,BraTS2021_01535,1,1,TP,0.0021598183
1493,BraTS2021_01535,1,0,FN,0.0016043978
1494,BraTS2021_01535,1,0,FN,0.0013395294
1495,BraTS2021_01535,1,0,FN,0.0007242884
1496,BraTS2021_01535,1,0,FN,0.0018442018
1497,BraTS2021_01536,1,0,FN,0.0018772009
1498,BraTS2021_01536,1,0,FN,0.0020438726
1499,BraTS2021_01536,1,0,FN,0.0011831479
1500,BraTS2021_01536,1,1,TP,0.0021907906
1501,BraTS2021_01537,1,0,FN,0.0013875392
1502,BraTS2021_01537,1,0,FN,0.0016229202
1503,BraTS2021_01537,1,0,FN,0.0019074611
1504,BraTS2021_01537,1,1,TP,0.0023406425
1505,BraTS2021_01537,1,1,TP,0.0025629285
1506,BraTS2021_01537,1,1,TP,0.0031522976
1507,BraTS2021_01537,1,1,TP,0.0034443869
1508,BraTS2021_01537,1,1,TP,0.002775439
1509,BraTS2021_01537,1,1,TP,0.002276387
1510,BraTS2021_01537,1,0,FN,0.0018807985
1511,BraTS2021_01537,1,0,FN,0.0010401699
1512,BraTS2021_01537,1,0,FN,0.0017075869
1513,BraTS2021_01537,1,0,FN,0.0013596182
1514,BraTS2021_01538,1,0,FN,0.0007224923
1515,BraTS2021_01538,1,0,FN,0.0010146629
1516,BraTS2021_01538,1,0,FN,0.0014297115
1517,BraTS2021_01538,1,0,FN,0.0017925922
1518,BraTS2021_01538,1,0,FN,0.0014784536
1519,BraTS2021_01538,1,0,FN,0.0010181775
1520,BraTS2021_01538,1,0,FN,0.0010729564
1521,BraTS2021_01539,1,0,FN,0.0010104631
1522,BraTS2021_01539,1,0,FN,0.0012028846
1523,BraTS2021_01539,1,0,FN,0.0012817467
1524,BraTS2021_01539,1,0,FN,0.0012738463
1525,BraTS2021_01539,1,0,FN,0.0009981862
1526,BraTS2021_01539,1,0,FN,0.0008928564
1527,BraTS2021_01539,1,0,FN,0.0008142737
1528,BraTS2021_01539,1,0,FN,0.0015052478
1529,BraTS2021_01540,1,0,FN,0.0010431337
1530,BraTS2021_01540,1,0,FN,0.0013369159
1531,BraTS2021_01540,1,0,FN,0.0017398885
1532,BraTS2021_01540,1,0,FN,0.0015837804
1533,BraTS2021_01540,1,0,FN,0.0018275809
1534,BraTS2021_01540,1,0,FN,0.0014902396
1535,BraTS2021_01540,1,0,FN,0.0007528247
1536,BraTS2021_01540,1,0,FN,0.0012036015
1537,BraTS2021_01541,1,0,FN,0.0018686348
1538,BraTS2021_01541,1,0,FN,0.0020207353
1539,BraTS2021_01541,1,1,TP,0.0020686563
1540,BraTS2021_01541,1,1,TP,0.0024678987
1541,BraTS2021_01541,1,1,TP,0.0025011827
1542,BraTS2021_01541,1,1,TP,0.0028162
1543,BraTS2021_01541,1,1,TP,0.0031836564
1544,BraTS2021_01541,1,1,TP,0.0023108972
1545,BraTS2021_01541,1,0,FN,0.0016548022
1546,BraTS2021_01541,1,0,FN,0.002034269
1547,BraTS2021_01541,1,0,FN,0.0008075293
1548,BraTS2021_01541,1,0,FN,0.00045177178
1549,BraTS2021_01542,1,0,FN,0.001296038
1550,BraTS2021_01542,1,1,TP,0.0023348448
1551,BraTS2021_01542,1,0,FN,0.002046857
1552,BraTS2021_01542,1,1,TP,0.0020976847
1553,BraTS2021_01542,1,1,TP,0.0025284714
1554,BraTS2021_01542,1,1,TP,0.0029978356
1555,BraTS2021_01542,1,1,TP,0.0026574726
1556,BraTS2021_01542,1,1,TP,0.0023246612
1557,BraTS2021_01542,1,1,TP,0.0021818408
1558,BraTS2021_01542,1,0,FN,0.001878107
1559,BraTS2021_01542,1,0,FN,0.0017589015
1560,BraTS2021_01542,1,0,FN,0.0014117335
1561,BraTS2021_01542,1,0,FN,0.0011342122
1562,BraTS2021_01542,1,0,FN,0.00091231614
1563,BraTS2021_01543,1,0,FN,0.0009766063
1564,BraTS2021_01543,1,0,FN,0.00088846957
1565,BraTS2021_01543,1,0,FN,0.0008093932
1566,BraTS2021_01543,1,0,FN,0.00083716627
1567,BraTS2021_01543,1,0,FN,0.00065968686
1568,BraTS2021_01543,1,0,FN,0.000579099
1569,BraTS2021_01543,1,0,FN,0.00086426915
1570,BraTS2021_01544,1,0,FN,0.00072293595
1571,BraTS2021_01544,1,0,FN,0.0013436542
1572,BraTS2021_01544,1,0,FN,0.0014082473
1573,BraTS2021_01544,1,0,FN,0.0013499811
1574,BraTS2021_01544,1,0,FN,0.0012876098
1575,BraTS2021_01544,1,0,FN,0.0012846382
1576,BraTS2021_01544,1,0,FN,0.0008745943
1577,BraTS2021_01544,1,0,FN,0.0006867954
1578,BraTS2021_01544,1,0,FN,0.00047478444
1579,BraTS2021_01544,1,0,FN,0.0010797355
1580,BraTS2021_01544,1,0,FN,0.0003908588
1581,BraTS2021_01545,1,0,FN,0.0007548927
1582,BraTS2021_01545,1,0,FN,0.00075534027
1583,BraTS2021_01545,1,0,FN,0.0007906522
1584,BraTS2021_01545,1,0,FN,0.00076855277
1585,BraTS2021_01545,1,0,FN,0.000590029
1586,BraTS2021_01545,1,0,FN,0.0005841688
1587,BraTS2021_01545,1,0,FN,0.0006355185
1588,BraTS2021_01545,1,0,FN,0.0006845376
1589,BraTS2021_01545,1,0,FN,0.00076485943
1590,BraTS2021_01545,1,0,FN,0.0009900959
1591,BraTS2021_01546,1,1,TP,0.0042890166
1592,BraTS2021_01546,1,1,TP,0.004751264
1593,BraTS2021_01546,1,1,TP,0.004485709
1594,BraTS2021_01546,1,1,TP,0.004094573
1595,BraTS2021_01546,1,1,TP,0.00482939
1596,BraTS2021_01546,1,1,TP,0.005363211
1597,BraTS2021_01546,1,1,TP,0.0049994867
1598,BraTS2021_01546,1,1,TP,0.0037069332
1599,BraTS2021_01546,1,1,TP,0.0024542296
1600,BraTS2021_01546,1,1,TP,0.0045889323
1601,BraTS2021_01546,1,0,FN,0.0016189441
1602,BraTS2021_01547,1,1,TP,0.002459001
1603,BraTS2021_01547,1,1,TP,0.0022044545
1604,BraTS2021_01547,1,1,TP,0.0022660892
1605,BraTS2021_01547,1,1,TP,0.0022936529
1606,BraTS2021_01547,1,0,FN,0.0011169197
1607,BraTS2021_01547,1,1,TP,0.0022517175
1608,BraTS2021_01547,1,1,TP,0.0022557038
1609,BraTS2021_01547,1,1,TP,0.0021788287
1610,BraTS2021_01547,1,0,FN,0.0018631141
1611,BraTS2021_01547,1,0,FN,0.0017925964
1612,BraTS2021_01547,1,0,FN,0.001788123
1613,BraTS2021_01547,1,0,FN,0.0015236698
1614,BraTS2021_01547,1,0,FN,0.0019220678
1615,BraTS2021_01548,1,1,TP,0.0035958493
1616,BraTS2021_01548,1,1,TP,0.0027613414
1617,BraTS2021_01548,1,1,TP,0.0025701895
1618,BraTS2021_01548,1,1,TP,0.0022983823
1619,BraTS2021_01548,1,1,TP,0.003249581
1620,BraTS2021_01549,1,1,TP,0.0021771989
1621,BraTS2021_01549,1,1,TP,0.002370337
1622,BraTS2021_01549,1,0,FN,0.0018242393
1623,BraTS2021_01549,1,0,FN,0.00143942
1624,BraTS2021_01549,1,0,FN,0.0012389198
1625,BraTS2021_01549,1,0,FN,0.00080092525
1626,BraTS2021_01549,1,1,TP,0.0025451367
1627,BraTS2021_01550,1,0,FN,0.00044292066
1628,BraTS2021_01550,1,0,FN,0.0006440307
1629,BraTS2021_01550,1,0,FN,0.00079633703
1630,BraTS2021_01550,1,0,FN,0.00068888563
1631,BraTS2021_01550,1,0,FN,0.00064052234
1632,BraTS2021_01550,1,0,FN,0.00057685154
1633,BraTS2021_01550,1,0,FN,0.00052668166
1634,BraTS2021_01550,1,0,FN,0.00039219556
1635,BraTS2021_01550,1,0,FN,0.0005729325
1636,BraTS2021_01551,1,1,TP,0.002641916
1637,BraTS2021_01551,1,1,TP,0.0023043803
1638,BraTS2021_01552,1,1,TP,0.0025016933
1639,BraTS2021_01552,1,1,TP,0.0029422748
1640,BraTS2021_01552,1,1,TP,0.0035249765
1641,BraTS2021_01552,1,1,TP,0.0040612505
1642,BraTS2021_01552,1,1,TP,0.003974583
1643,BraTS2021_01552,1,1,TP,0.00392205
1644,BraTS2021_01552,1,1,TP,0.0040484346
1645,BraTS2021_01552,1,1,TP,0.0032327797
1646,BraTS2021_01552,1,1,TP,0.0025091993
1647,BraTS2021_01552,1,1,TP,0.0024766123
1648,BraTS2021_01552,1,1,TP,0.0021814567
1649,BraTS2021_01552,1,0,FN,0.0018926768
1650,BraTS2021_01552,1,0,FN,0.0015246151
1651,BraTS2021_01553,1,0,FN,0.0012972025
1652,BraTS2021_01553,1,1,TP,0.002246651
1653,BraTS2021_01553,1,0,FN,0.001659056
1654,BraTS2021_01553,1,0,FN,0.0018110616
1655,BraTS2021_01553,1,0,FN,0.0015477443
1656,BraTS2021_01553,1,0,FN,0.001618345
1657,BraTS2021_01553,1,0,FN,0.0019664448
1658,BraTS2021_01553,1,0,FN,0.0017076993
1659,BraTS2021_01553,1,0,FN,0.0014976256
1660,BraTS2021_01553,1,0,FN,0.0014709507
1661,BraTS2021_01553,1,0,FN,0.0014121111
1662,BraTS2021_01553,1,0,FN,0.0009588224
1663,BraTS2021_01553,1,0,FN,0.000779411
1664,BraTS2021_01553,1,0,FN,0.0008421989
1665,BraTS2021_01554,1,0,FN,0.0016008666
1666,BraTS2021_01554,1,0,FN,0.0019942182
1667,BraTS2021_01554,1,1,TP,0.0021846402
1668,BraTS2021_01554,1,1,TP,0.002636118
1669,BraTS2021_01554,1,1,TP,0.0025907634
1670,BraTS2021_01554,1,1,TP,0.0024656488
1671,BraTS2021_01554,1,1,TP,0.00231042
1672,BraTS2021_01554,1,0,FN,0.0018333166
1673,BraTS2021_01554,1,0,FN,0.0010681401
1674,BraTS2021_01554,1,1,TP,0.0020600357
1675,BraTS2021_01554,1,0,FN,0.0009439494
1676,BraTS2021_01554,1,0,FN,0.0008624043
1677,BraTS2021_01554,1,0,FN,0.00081756205
1678,BraTS2021_01554,1,0,FN,0.00052576675
1679,BraTS2021_01555,1,0,FN,0.0018233649
1680,BraTS2021_01555,1,0,FN,0.0014928178
1681,BraTS2021_01555,1,0,FN,0.0018286284
1682,BraTS2021_01555,1,0,FN,0.0020455045
1683,BraTS2021_01555,1,0,FN,0.0017369714
1684,BraTS2021_01555,1,0,FN,0.0013299707
1685,BraTS2021_01555,1,0,FN,0.0014390328
1686,BraTS2021_01555,1,0,FN,0.0014088765
1687,BraTS2021_01555,1,0,FN,0.0009151356
1688,BraTS2021_01556,1,0,FN,0.00084472937
1689,BraTS2021_01556,1,0,FN,0.0011080502
1690,BraTS2021_01556,1,0,FN,0.0005335095
1691,BraTS2021_01556,1,0,FN,0.0003687817
1692,BraTS2021_01556,1,0,FN,0.0013093329
1693,BraTS2021_01557,1,0,FN,0.0010974639
1694,BraTS2021_01557,1,0,FN,0.00091568846
1695,BraTS2021_01557,1,0,FN,0.00070611446
1696,BraTS2021_01557,1,0,FN,0.00060625945
1697,BraTS2021_01557,1,0,FN,0.0012006557
1698,BraTS2021_01558,1,0,FN,0.0013127174
1699,BraTS2021_01558,1,0,FN,0.0017206231
1700,BraTS2021_01558,1,0,FN,0.0015566406
1701,BraTS2021_01558,1,0,FN,0.0015164447
1702,BraTS2021_01558,1,0,FN,0.0014780785
1703,BraTS2021_01558,1,0,FN,0.0014059735
1704,BraTS2021_01558,1,0,FN,0.0013357139
1705,BraTS2021_01558,1,0,FN,0.0012150039
1706,BraTS2021_01558,1,0,FN,0.0010403581
1707,BraTS2021_01558,1,0,FN,0.0016604064
1708,BraTS2021_01559,1,0,FN,0.001160306
1709,BraTS2021_01559,1,0,FN,0.001382862
1710,BraTS2021_01559,1,0,FN,0.0015383495
1711,BraTS2021_01559,1,0,FN,0.0010984298
1712,BraTS2021_01559,1,0,FN,0.0009595542
1713,BraTS2021_01559,1,0,FN,0.0012701091
1714,BraTS2021_01560,1,0,FN,0.0016757882
1715,BraTS2021_01560,1,0,FN,0.001459074
1716,BraTS2021_01560,1,0,FN,0.0018764362
1717,BraTS2021_01560,1,1,TP,0.0023959037
1718,BraTS2021_01560,1,0,FN,0.0019206698
1719,BraTS2021_01560,1,0,FN,0.0018584658
1720,BraTS2021_01560,1,0,FN,0.0013538257
1721,BraTS2021_01561,1,1,TP,0.00216152
1722,BraTS2021_01561,1,1,TP,0.0027153722
1723,BraTS2021_01561,1,1,TP,0.0029702284
1724,BraTS2021_01561,1,1,TP,0.0033291061
1725,BraTS2021_01561,1,1,TP,0.002718096
1726,BraTS2021_01561,1,1,TP,0.0026564342
1727,BraTS2021_01561,1,1,TP,0.0028105085
1728,BraTS2021_01562,1,0,FN,0.0013135665
1729,BraTS2021_01562,1,0,FN,0.0014444684
1730,BraTS2021_01562,1,0,FN,0.0007543324
1731,BraTS2021_01562,1,0,FN,0.0018568719
1732,BraTS2021_01562,1,0,FN,0.0019801138
1733,BraTS2021_01562,1,0,FN,0.0018281932
1734,BraTS2021_01562,1,0,FN,0.0016400355
1735,BraTS2021_01562,1,0,FN,0.001713767
1736,BraTS2021_01562,1,0,FN,0.0015291395
1737,BraTS2021_01562,1,0,FN,0.0014702642
1738,BraTS2021_01562,1,0,FN,0.0016854445
1739,BraTS2021_01562,1,0,FN,0.0016974508
1740,BraTS2021_01562,1,0,FN,0.0018404608
1741,BraTS2021_01562,1,0,FN,0.0011674485
1742,BraTS2021_01563,1,1,TP,0.0032246164
1743,BraTS2021_01563,1,1,TP,0.0029267103
1744,BraTS2021_01563,1,1,TP,0.0029420569
1745,BraTS2021_01563,1,1,TP,0.0027792174
1746,BraTS2021_01563,1,1,TP,0.0030320913
1747,BraTS2021_01563,1,1,TP,0.0035289968
1748,BraTS2021_01563,1,1,TP,0.003085261
1749,BraTS2021_01563,1,1,TP,0.0021103937
1750,BraTS2021_01563,1,0,FN,0.0007496886
1751,BraTS2021_01563,1,1,TP,0.0027951046
1752,BraTS2021_01564,1,0,FN,0.0015261401
1753,BraTS2021_01564,1,1,TP,0.0024532508
1754,BraTS2021_01564,1,1,TP,0.0024805013
1755,BraTS2021_01564,1,1,TP,0.0024961438
1756,BraTS2021_01564,1,1,TP,0.0023303418
1757,BraTS2021_01564,1,0,FN,0.0019048766
1758,BraTS2021_01564,1,0,FN,0.0016003208
1759,BraTS2021_01564,1,0,FN,0.0012118325
1760,BraTS2021_01564,1,0,FN,0.0009252206
1761,BraTS2021_01564,1,1,TP,0.002200156
1762,BraTS2021_01564,1,0,FN,0.0005615223
1763,BraTS2021_01565,1,1,TP,0.0031157935
1764,BraTS2021_01565,1,1,TP,0.0037944273
1765,BraTS2021_01565,1,1,TP,0.0035208713
1766,BraTS2021_01565,1,1,TP,0.0043097897
1767,BraTS2021_01565,1,1,TP,0.0042925174
1768,BraTS2021_01565,1,1,TP,0.004348743
1769,BraTS2021_01565,1,1,TP,0.004002165
1770,BraTS2021_01565,1,1,TP,0.0037541292
1771,BraTS2021_01565,1,1,TP,0.0033377176
1772,BraTS2021_01565,1,1,TP,0.003107068
1773,BraTS2021_01565,1,1,TP,0.002474511
1774,BraTS2021_01565,1,1,TP,0.0025646747
1775,BraTS2021_01565,1,1,TP,0.002265585
1776,BraTS2021_01566,1,1,TP,0.0048198896
1777,BraTS2021_01566,1,1,TP,0.0028622826
1778,BraTS2021_01566,1,1,TP,0.0039909147
1779,BraTS2021_01567,1,1,TP,0.0024532191
1780,BraTS2021_01567,1,1,TP,0.0023620373
1781,BraTS2021_01567,1,1,TP,0.0024427245
1782,BraTS2021_01567,1,1,TP,0.0026444155
1783,BraTS2021_01567,1,1,TP,0.0030299965
1784,BraTS2021_01567,1,1,TP,0.003251045
1785,BraTS2021_01567,1,1,TP,0.004015794
1786,BraTS2021_01567,1,1,TP,0.0041221757
1787,BraTS2021_01567,1,1,TP,0.0030133687
1788,BraTS2021_01567,1,1,TP,0.0026778262
1789,BraTS2021_01567,1,1,TP,0.002073819
1790,BraTS2021_01567,1,1,TP,0.0020881982
1791,BraTS2021_01568,1,0,FN,0.0019295672
1792,BraTS2021_01568,1,1,TP,0.0035194214
1793,BraTS2021_01568,1,1,TP,0.004432926
1794,BraTS2021_01568,1,1,TP,0.005209488
1795,BraTS2021_01568,1,1,TP,0.005633699
1796,BraTS2021_01568,1,1,TP,0.0061713667
1797,BraTS2021_01568,1,1,TP,0.006785194
1798,BraTS2021_01568,1,1,TP,0.0061141546
1799,BraTS2021_01568,1,1,TP,0.005002034
1800,BraTS2021_01568,1,1,TP,0.0033788073
1801,BraTS2021_01568,1,1,TP,0.0033277085
1802,BraTS2021_01568,1,1,TP,0.0024660323
1803,BraTS2021_01568,1,0,FN,0.0016967998
1804,BraTS2021_01568,1,0,FN,0.00079078804
1805,BraTS2021_01569,1,1,TP,0.002059021
1806,BraTS2021_01569,1,1,TP,0.0036551554
1807,BraTS2021_01569,1,1,TP,0.0039531547
1808,BraTS2021_01569,1,1,TP,0.0039485376
1809,BraTS2021_01569,1,1,TP,0.0047044745
1810,BraTS2021_01569,1,1,TP,0.0048836353
1811,BraTS2021_01569,1,1,TP,0.004729757
1812,BraTS2021_01569,1,1,TP,0.0045430167
1813,BraTS2021_01569,1,1,TP,0.0040951306
1814,BraTS2021_01569,1,1,TP,0.0031029708
1815,BraTS2021_01569,1,1,TP,0.0024216736
1816,BraTS2021_01569,1,0,FN,0.0015964494
1817,BraTS2021_01569,1,0,FN,0.0006577983
1818,BraTS2021_01570,1,1,TP,0.0037770944
1819,BraTS2021_01570,1,1,TP,0.00358627
1820,BraTS2021_01570,1,1,TP,0.0038316762
1821,BraTS2021_01570,1,1,TP,0.0037652168
1822,BraTS2021_01570,1,1,TP,0.0032737774
1823,BraTS2021_01570,1,0,FN,0.001854836
1824,BraTS2021_01570,1,1,TP,0.003558
1825,BraTS2021_01571,1,1,TP,0.00228768
1826,BraTS2021_01571,1,1,TP,0.0029108133
1827,BraTS2021_01571,1,1,TP,0.0036913974
1828,BraTS2021_01571,1,1,TP,0.0034246692
1829,BraTS2021_01571,1,1,TP,0.002676338
1830,BraTS2021_01571,1,1,TP,0.0029359793
1831,BraTS2021_01571,1,1,TP,0.0026360156
1832,BraTS2021_01571,1,1,TP,0.0023538568
1833,BraTS2021_01571,1,0,FN,0.0019139224
1834,BraTS2021_01572,1,0,FN,0.0019537164
1835,BraTS2021_01572,1,1,TP,0.002090766
1836,BraTS2021_01572,1,1,TP,0.0021880628
1837,BraTS2021_01572,1,0,FN,0.002007604
1838,BraTS2021_01572,1,0,FN,0.0016679752
1839,BraTS2021_01572,1,0,FN,0.0016379039
1840,BraTS2021_01572,1,0,FN,0.001284807
1841,BraTS2021_01572,1,0,FN,0.000797035
1842,BraTS2021_01572,1,0,FN,0.0019324298
1843,BraTS2021_01573,1,0,FN,0.0005528721
1844,BraTS2021_01573,1,0,FN,0.00071672496
1845,BraTS2021_01573,1,0,FN,0.00094345235
1846,BraTS2021_01573,1,1,TP,0.0022530784
1847,BraTS2021_01573,1,1,TP,0.002928185
1848,BraTS2021_01573,1,1,TP,0.0029529668
1849,BraTS2021_01573,1,1,TP,0.0031012262
1850,BraTS2021_01573,1,1,TP,0.0030847637
1851,BraTS2021_01573,1,0,FN,0.0018273151
1852,BraTS2021_01573,1,0,FN,0.0014799084
1853,BraTS2021_01573,1,0,FN,0.00035841047
1854,BraTS2021_01573,1,0,FN,0.0011730761
1855,BraTS2021_01573,1,0,FN,0.000627613
1856,BraTS2021_01574,1,0,FN,0.00093749666
1857,BraTS2021_01574,1,0,FN,0.001496696
1858,BraTS2021_01574,1,0,FN,0.0016474333
1859,BraTS2021_01574,1,0,FN,0.0017722787
1860,BraTS2021_01574,1,0,FN,0.0011973076
1861,BraTS2021_01574,1,0,FN,0.000933725
1862,BraTS2021_01574,1,0,FN,0.0009880178
1863,BraTS2021_01574,1,0,FN,0.0008714781
1864,BraTS2021_01574,1,0,FN,0.0007422953
1865,BraTS2021_01574,1,0,FN,0.0015215267
1866,BraTS2021_01574,1,0,FN,0.0006151921
1867,BraTS2021_01575,1,0,FN,0.0012355997
1868,BraTS2021_01575,1,0,FN,0.0018043561
1869,BraTS2021_01575,1,1,TP,0.0039071087
1870,BraTS2021_01575,1,1,TP,0.005544561
1871,BraTS2021_01575,1,1,TP,0.006104604
1872,BraTS2021_01575,1,1,TP,0.0056895777
1873,BraTS2021_01575,1,1,TP,0.0051834676
1874,BraTS2021_01575,1,1,TP,0.004775198
1875,BraTS2021_01575,1,1,TP,0.0044710203
1876,BraTS2021_01575,1,1,TP,0.003821142
1877,BraTS2021_01575,1,1,TP,0.0030008673
1878,BraTS2021_01575,1,1,TP,0.0026342652
1879,BraTS2021_01576,1,0,FN,0.0010589694
1880,BraTS2021_01576,1,0,FN,0.001502527
1881,BraTS2021_01576,1,0,FN,0.0017718873
1882,BraTS2021_01576,1,0,FN,0.0018304094
1883,BraTS2021_01576,1,0,FN,0.0018781733
1884,BraTS2021_01576,1,0,FN,0.0018514615
1885,BraTS2021_01576,1,0,FN,0.0017451597
1886,BraTS2021_01576,1,0,FN,0.0015603363
1887,BraTS2021_01576,1,0,FN,0.0012093374
1888,BraTS2021_01576,1,0,FN,0.000941151
1889,BraTS2021_01576,1,0,FN,0.0004383735
1890,BraTS2021_01576,1,0,FN,0.00060013204
1891,BraTS2021_01576,1,0,FN,0.00028583698
1892,BraTS2021_01577,1,1,TP,0.0028522795
1893,BraTS2021_01577,1,1,TP,0.0039401846
1894,BraTS2021_01577,1,1,TP,0.0037609413
1895,BraTS2021_01577,1,1,TP,0.004090158
1896,BraTS2021_01577,1,1,TP,0.004620063
1897,BraTS2021_01577,1,1,TP,0.0044841436
1898,BraTS2021_01577,1,1,TP,0.0034977773
1899,BraTS2021_01577,1,1,TP,0.0026094902
1900,BraTS2021_01577,1,1,TP,0.0041541657
1901,BraTS2021_01578,1,0,FN,0.0009217596
1902,BraTS2021_01578,1,0,FN,0.0012294526
1903,BraTS2021_01578,1,0,FN,0.001060719
1904,BraTS2021_01578,1,0,FN,0.0010173953
1905,BraTS2021_01578,1,0,FN,0.001091559
1906,BraTS2021_01578,1,0,FN,0.0019257942
1907,BraTS2021_01578,1,1,TP,0.0026212349
1908,BraTS2021_01578,1,1,TP,0.002612179
1909,BraTS2021_01578,1,1,TP,0.0027316257
1910,BraTS2021_01578,1,0,FN,0.0013236238
1911,BraTS2021_01578,1,1,TP,0.0026817846
1912,BraTS2021_01578,1,1,TP,0.0022118967
1913,BraTS2021_01578,1,0,FN,0.0017060457
1914,BraTS2021_01578,1,0,FN,0.0013427797
1915,BraTS2021_01579,1,0,FN,0.0014245322
1916,BraTS2021_01579,1,1,TP,0.0021472175
1917,BraTS2021_01579,1,0,FN,0.00172384
1918,BraTS2021_01579,1,0,FN,0.0016485979
1919,BraTS2021_01579,1,0,FN,0.0014380454
1920,BraTS2021_01579,1,0,FN,0.0012728458
1921,BraTS2021_01579,1,0,FN,0.0011685259
1922,BraTS2021_01579,1,0,FN,0.0010207386
1923,BraTS2021_01579,1,0,FN,0.0018060097
1924,BraTS2021_01580,1,1,TP,0.0020656628
1925,BraTS2021_01580,1,1,TP,0.0022971204
1926,BraTS2021_01580,1,1,TP,0.0025820686
1927,BraTS2021_01580,1,1,TP,0.002073657
1928,BraTS2021_01580,1,0,FN,0.0014904768
1929,BraTS2021_01581,1,0,FN,0.0018216104
1930,BraTS2021_01581,1,1,TP,0.0022829417
1931,BraTS2021_01581,1,1,TP,0.0025264546
1932,BraTS2021_01581,1,1,TP,0.0026564503
1933,BraTS2021_01581,1,1,TP,0.002725225
1934,BraTS2021_01581,1,1,TP,0.0027770791
1935,BraTS2021_01581,1,1,TP,0.0023525634
1936,BraTS2021_01581,1,0,FN,0.0018445074
1937,BraTS2021_01581,1,0,FN,0.0018733345
1938,BraTS2021_01581,1,1,TP,0.0022161203
1939,BraTS2021_01581,1,0,FN,0.0016333547
1940,BraTS2021_01581,1,0,FN,0.0012231143
1941,BraTS2021_01581,1,0,FN,0.0007473531
1942,BraTS2021_01582,1,0,FN,0.00056348206
1943,BraTS2021_01582,1,0,FN,0.0009064614
1944,BraTS2021_01582,1,0,FN,0.0014744456
1945,BraTS2021_01582,1,0,FN,0.0017804794
1946,BraTS2021_01582,1,0,FN,0.001727319
1947,BraTS2021_01582,1,0,FN,0.001236811
1948,BraTS2021_01582,1,0,FN,0.00034945854
1949,BraTS2021_01582,1,0,FN,0.00067732105
1950,BraTS2021_01582,1,0,FN,0.00040797336
1951,BraTS2021_01582,1,0,FN,0.00019295627
1952,BraTS2021_01582,1,0,FN,0.0004900419
1953,BraTS2021_01583,1,0,FN,0.0013205482
1954,BraTS2021_01583,1,0,FN,0.0013978111
1955,BraTS2021_01583,1,0,FN,0.0017051907
1956,BraTS2021_01583,1,1,TP,0.0025922884
1957,BraTS2021_01583,1,1,TP,0.003527373
1958,BraTS2021_01583,1,1,TP,0.003900075
1959,BraTS2021_01583,1,1,TP,0.0035817348
1960,BraTS2021_01583,1,1,TP,0.0028349196
1961,BraTS2021_01583,1,1,TP,0.0021393315
1962,BraTS2021_01583,1,0,FN,0.000940909
1963,BraTS2021_01584,1,0,FN,0.0013971962
1964,BraTS2021_01584,1,0,FN,0.001439593
1965,BraTS2021_01584,1,0,FN,0.0013553959
1966,BraTS2021_01584,1,0,FN,0.0015109716
1967,BraTS2021_01584,1,0,FN,0.0018002221
1968,BraTS2021_01584,1,0,FN,0.001896441
1969,BraTS2021_01584,1,0,FN,0.001830987
1970,BraTS2021_01584,1,0,FN,0.0015452353
1971,BraTS2021_01584,1,0,FN,0.0011608315
1972,BraTS2021_01584,1,0,FN,0.0011370033
1973,BraTS2021_01584,1,0,FN,0.00091413036
1974,BraTS2021_01585,1,0,FN,0.0014113244
1975,BraTS2021_01585,1,1,TP,0.0029580162
1976,BraTS2021_01585,1,1,TP,0.0029122124
1977,BraTS2021_01585,1,1,TP,0.0026661041
1978,BraTS2021_01585,1,1,TP,0.002724869
1979,BraTS2021_01585,1,0,FN,0.0020525884
1980,BraTS2021_01585,1,0,FN,0.0010319705
1981,BraTS2021_01585,1,0,FN,0.0018690577
1982,BraTS2021_01586,1,0,FN,0.0013142428
1983,BraTS2021_01586,1,0,FN,0.0013036637
1984,BraTS2021_01586,1,0,FN,0.0014278662
1985,BraTS2021_01586,1,0,FN,0.001390164
1986,BraTS2021_01586,1,0,FN,0.0011982106
1987,BraTS2021_01586,1,0,FN,0.0010732114
1988,BraTS2021_01586,1,0,FN,0.00097207876
1989,BraTS2021_01586,1,0,FN,0.00090006925
1990,BraTS2021_01586,1,0,FN,0.0010169139
1991,BraTS2021_01587,1,1,TP,0.002937618
1992,BraTS2021_01587,1,1,TP,0.004041764
1993,BraTS2021_01587,1,1,TP,0.0036355685
1994,BraTS2021_01587,1,1,TP,0.0034373596
1995,BraTS2021_01587,1,1,TP,0.00354945
1996,BraTS2021_01587,1,1,TP,0.0034280054
1997,BraTS2021_01587,1,1,TP,0.0025761048
1998,BraTS2021_01587,1,1,TP,0.0023453592
1999,BraTS2021_01587,1,0,FN,0.0019019899
2000,BraTS2021_01587,1,1,TP,0.0024723704
2001,BraTS2021_01587,1,1,TP,0.0022142474
2002,BraTS2021_01587,1,1,TP,0.0023150938
2003,BraTS2021_01587,1,1,TP,0.002067228
2004,BraTS2021_01588,1,0,FN,0.0014012491
2005,BraTS2021_01588,1,0,FN,0.0013334304
2006,BraTS2021_01588,1,0,FN,0.0011810405
2007,BraTS2021_01588,1,0,FN,0.0010080368
2008,BraTS2021_01588,1,0,FN,0.0007221551
2009,BraTS2021_01588,1,0,FN,0.0016326269
2010,BraTS2021_01589,1,0,FN,0.0013022586
2011,BraTS2021_01589,1,0,FN,0.001925159
2012,BraTS2021_01589,1,1,TP,0.0030607963
2013,BraTS2021_01589,1,1,TP,0.004624942
2014,BraTS2021_01589,1,1,TP,0.0051853214
2015,BraTS2021_01589,1,1,TP,0.004901695
2016,BraTS2021_01589,1,1,TP,0.0042240145
2017,BraTS2021_01589,1,1,TP,0.003238378
2018,BraTS2021_01589,1,1,TP,0.0024055655
2019,BraTS2021_01589,1,0,FN,0.0016491158
2020,BraTS2021_01589,1,0,FN,0.001130613
2021,BraTS2021_01590,1,0,FN,0.000703154
2022,BraTS2021_01590,1,0,FN,0.001080759
2023,BraTS2021_01590,1,0,FN,0.0018794059
2024,BraTS2021_01590,1,1,TP,0.0031833695
2025,BraTS2021_01590,1,1,TP,0.0033128734
2026,BraTS2021_01590,1,1,TP,0.0029483503
2027,BraTS2021_01590,1,1,TP,0.002582247
2028,BraTS2021_01590,1,1,TP,0.0024439807
2029,BraTS2021_01590,1,1,TP,0.0021592255
2030,BraTS2021_01590,1,0,FN,0.0018843659
2031,BraTS2021_01590,1,0,FN,0.0013936099
2032,BraTS2021_01590,1,0,FN,0.0009108537
2033,BraTS2021_01591,1,0,FN,0.0017073657
2034,BraTS2021_01591,1,1,TP,0.0021300158
2035,BraTS2021_01591,1,1,TP,0.002276208
2036,BraTS2021_01591,1,1,TP,0.0020598776
2037,BraTS2021_01591,1,0,FN,0.001680208
2038,BraTS2021_01591,1,0,FN,0.0013473601
2039,BraTS2021_01591,1,0,FN,0.0019516747
2040,BraTS2021_01592,1,1,TP,0.0021202657
2041,BraTS2021_01592,1,1,TP,0.0027657875
2042,BraTS2021_01592,1,1,TP,0.0024739956
2043,BraTS2021_01592,1,1,TP,0.0027805432
2044,BraTS2021_01592,1,1,TP,0.002734923
2045,BraTS2021_01592,1,1,TP,0.0025867643
2046,BraTS2021_01593,1,0,FN,0.0011793305
2047,BraTS2021_01593,1,0,FN,0.0015610945
2048,BraTS2021_01593,1,1,TP,0.0027097948
2049,BraTS2021_01593,1,1,TP,0.0042329016
2050,BraTS2021_01593,1,1,TP,0.005073911
2051,BraTS2021_01593,1,1,TP,0.0049002063
2052,BraTS2021_01593,1,1,TP,0.0040796543
2053,BraTS2021_01593,1,1,TP,0.0034026806
2054,BraTS2021_01593,1,1,TP,0.0026460127
2055,BraTS2021_01593,1,0,FN,0.0016972915
2056,BraTS2021_01593,1,0,FN,0.0007667247
2057,BraTS2021_01593,1,0,FN,0.0007767852
2058,BraTS2021_01594,1,0,FN,0.00048184994
2059,BraTS2021_01594,1,0,FN,0.00051983184
2060,BraTS2021_01594,1,0,FN,0.00050620764
2061,BraTS2021_01594,1,0,FN,0.00048012417
2062,BraTS2021_01594,1,0,FN,0.00045974232
2063,BraTS2021_01595,1,0,FN,0.0011411881
2064,BraTS2021_01595,1,0,FN,0.001986734
2065,BraTS2021_01595,1,1,TP,0.0024529512
2066,BraTS2021_01595,1,1,TP,0.0028469919
2067,BraTS2021_01595,1,1,TP,0.0031369105
2068,BraTS2021_01595,1,1,TP,0.002732348
2069,BraTS2021_01595,1,1,TP,0.0028323515
2070,BraTS2021_01595,1,1,TP,0.0026686592
2071,BraTS2021_01595,1,1,TP,0.0028148785
2072,BraTS2021_01595,1,1,TP,0.002943267
2073,BraTS2021_01595,1,1,TP,0.0026421817
2074,BraTS2021_01595,1,1,TP,0.0024254904
2075,BraTS2021_01596,1,1,TP,0.002099148
2076,BraTS2021_01596,1,1,TP,0.002211134
2077,BraTS2021_01596,1,1,TP,0.0022267997
2078,BraTS2021_01596,1,1,TP,0.002480078
2079,BraTS2021_01596,1,1,TP,0.0028989194
2080,BraTS2021_01596,1,1,TP,0.0030845487
2081,BraTS2021_01596,1,1,TP,0.0033478104
2082,BraTS2021_01596,1,1,TP,0.0031552797
2083,BraTS2021_01596,1,1,TP,0.0026637372
2084,BraTS2021_01596,1,1,TP,0.0023748942
2085,BraTS2021_01596,1,1,TP,0.0024002981
2086,BraTS2021_01596,1,1,TP,0.0020975554
2087,BraTS2021_01597,1,0,FN,0.0008489208
2088,BraTS2021_01597,1,0,FN,0.0011532312
2089,BraTS2021_01597,1,0,FN,0.001366942
2090,BraTS2021_01597,1,0,FN,0.0015701369
2091,BraTS2021_01597,1,1,TP,0.0020775148
2092,BraTS2021_01597,1,0,FN,0.0017875024
2093,BraTS2021_01597,1,0,FN,0.001803907
2094,BraTS2021_01597,1,0,FN,0.0019198016
2095,BraTS2021_01597,1,0,FN,0.0016702618
2096,BraTS2021_01597,1,0,FN,0.0015477992
2097,BraTS2021_01597,1,0,FN,0.00074209314
2098,BraTS2021_01597,1,0,FN,0.0010165002
2099,BraTS2021_01598,1,0,FN,0.0013142563
2100,BraTS2021_01598,1,0,FN,0.0018341497
2101,BraTS2021_01598,1,1,TP,0.002240504
2102,BraTS2021_01598,1,1,TP,0.0027883581
2103,BraTS2021_01598,1,1,TP,0.002798812
2104,BraTS2021_01598,1,1,TP,0.0025423882
2105,BraTS2021_01598,1,1,TP,0.0021145337
2106,BraTS2021_01598,1,0,FN,0.0016364933
2107,BraTS2021_01598,1,0,FN,0.0013333829
2108,BraTS2021_01598,1,0,FN,0.0016874131
2109,BraTS2021_01598,1,0,FN,0.000977718
2110,BraTS2021_01598,1,0,FN,0.00090277055
2111,BraTS2021_01598,1,0,FN,0.0008875666
2112,BraTS2021_01598,1,0,FN,0.00093159726
2113,BraTS2021_01599,1,0,FN,0.0009218223
2114,BraTS2021_01599,1,0,FN,0.0011766407
2115,BraTS2021_01599,1,0,FN,0.0014645408
2116,BraTS2021_01599,1,0,FN,0.0015470207
2117,BraTS2021_01599,1,0,FN,0.0009977805
2118,BraTS2021_01599,1,0,FN,0.0011759693
2119,BraTS2021_01599,1,0,FN,0.00046926964
2120,BraTS2021_01599,1,0,FN,0.00086422596
2121,BraTS2021_01600,1,0,FN,0.0013244083
2122,BraTS2021_01600,1,0,FN,0.0010625572
2123,BraTS2021_01600,1,0,FN,0.0010846397
2124,BraTS2021_01600,1,0,FN,0.001043851
2125,BraTS2021_01600,1,0,FN,0.0010398838
2126,BraTS2021_01601,1,0,FN,0.0011690136
2127,BraTS2021_01601,1,0,FN,0.0018237706
2128,BraTS2021_01601,1,1,TP,0.0021842343
2129,BraTS2021_01601,1,1,TP,0.0021121656
2130,BraTS2021_01601,1,0,FN,0.0018106905
2131,BraTS2021_01601,1,0,FN,0.0016887098
2132,BraTS2021_01601,1,0,FN,0.0013276077
2133,BraTS2021_01601,1,0,FN,0.0008718794
2134,BraTS2021_01601,1,0,FN,0.0006654436
2135,BraTS2021_01601,1,0,FN,0.0017681036
2136,BraTS2021_01601,1,0,FN,0.00061501836
2137,BraTS2021_01601,1,0,FN,0.00073702744
2138,BraTS2021_01601,1,0,FN,0.0006938345
2139,BraTS2021_01601,1,0,FN,0.00064831984
2140,BraTS2021_01602,1,1,TP,0.0036696107
2141,BraTS2021_01602,1,1,TP,0.003716671
2142,BraTS2021_01602,1,1,TP,0.0038088078
2143,BraTS2021_01602,1,1,TP,0.003641608
2144,BraTS2021_01602,1,1,TP,0.003617544
2145,BraTS2021_01602,1,1,TP,0.0036736843
2146,BraTS2021_01602,1,1,TP,0.0036082924
2147,BraTS2021_01602,1,1,TP,0.0023653975
2148,BraTS2021_01602,1,0,FN,0.0016819723
2149,BraTS2021_01602,1,1,TP,0.0038645766
2150,BraTS2021_01602,1,0,FN,0.001172492
2151,BraTS2021_01603,1,1,TP,0.0026550598
2152,BraTS2021_01603,1,1,TP,0.00435067
2153,BraTS2021_01603,1,1,TP,0.0041338685
2154,BraTS2021_01603,1,1,TP,0.0040647043
2155,BraTS2021_01603,1,1,TP,0.003951118
2156,BraTS2021_01603,1,1,TP,0.0040384415
2157,BraTS2021_01603,1,1,TP,0.003827654
2158,BraTS2021_01603,1,1,TP,0.0030431198
2159,BraTS2021_01603,1,1,TP,0.0021675585
2160,BraTS2021_01603,1,1,TP,0.0042349645
2161,BraTS2021_01603,1,0,FN,0.0014463329
2162,BraTS2021_01603,1,0,FN,0.00092751783
2163,BraTS2021_01603,1,0,FN,0.00072453177
2164,BraTS2021_01604,1,0,FN,0.0019219903
2165,BraTS2021_01604,1,0,FN,0.0016860422
2166,BraTS2021_01604,1,0,FN,0.0017846295
2167,BraTS2021_01604,1,1,TP,0.0023484665
2168,BraTS2021_01604,1,1,TP,0.0028089765
2169,BraTS2021_01604,1,1,TP,0.0021635015
2170,BraTS2021_01604,1,0,FN,0.0017204813
2171,BraTS2021_01604,1,0,FN,0.0010606208
2172,BraTS2021_01604,1,0,FN,0.00093170453
2173,BraTS2021_01604,1,0,FN,0.0009668018
2174,BraTS2021_01604,1,0,FN,0.0009557735
2175,BraTS2021_01605,1,1,TP,0.0021859775
2176,BraTS2021_01605,1,1,TP,0.0025446224
2177,BraTS2021_01605,1,1,TP,0.0029364252
2178,BraTS2021_01605,1,1,TP,0.002998903
2179,BraTS2021_01605,1,1,TP,0.0032782617
2180,BraTS2021_01605,1,1,TP,0.003047362
2181,BraTS2021_01605,1,1,TP,0.0027875928
2182,BraTS2021_01605,1,0,FN,0.0016479319
2183,BraTS2021_01605,1,0,FN,0.0013094152
2184,BraTS2021_01605,1,0,FN,0.0010018981
2185,BraTS2021_01605,1,0,FN,0.000672363
2186,BraTS2021_01605,1,0,FN,0.0003245424
2187,BraTS2021_01606,1,0,FN,0.0012554203
2188,BraTS2021_01606,1,0,FN,0.0014117726
2189,BraTS2021_01606,1,0,FN,0.0014660854
2190,BraTS2021_01606,1,0,FN,0.0016163837
2191,BraTS2021_01606,1,0,FN,0.0016426959
2192,BraTS2021_01606,1,0,FN,0.0015282857
2193,BraTS2021_01606,1,0,FN,0.0013007611
2194,BraTS2021_01606,1,0,FN,0.0011425256
2195,BraTS2021_01606,1,0,FN,0.00091350364
2196,BraTS2021_01606,1,0,FN,0.0014641096
2197,BraTS2021_01606,1,0,FN,0.00188783
2198,BraTS2021_01606,1,0,FN,0.0014210466
2199,BraTS2021_01606,1,0,FN,0.0015660453
2200,BraTS2021_01607,1,1,TP,0.0030977714
2201,BraTS2021_01607,1,1,TP,0.0035161322
2202,BraTS2021_01607,1,1,TP,0.0033714457
2203,BraTS2021_01607,1,1,TP,0.0029752548
2204,BraTS2021_01607,1,1,TP,0.0028910413
2205,BraTS2021_01607,1,1,TP,0.0031874378
2206,BraTS2021_01607,1,1,TP,0.0025138613
2207,BraTS2021_01608,1,0,FN,0.0018046186
2208,BraTS2021_01608,1,1,TP,0.0028677364
2209,BraTS2021_01608,1,1,TP,0.005019229
2210,BraTS2021_01608,1,1,TP,0.0063250232
2211,BraTS2021_01608,1,0,FN,0.0012110855
2212,BraTS2021_01608,1,1,TP,0.0063795135
2213,BraTS2021_01608,1,1,TP,0.0055951914
2214,BraTS2021_01608,1,1,TP,0.0047433954
2215,BraTS2021_01608,1,1,TP,0.004176108
2216,BraTS2021_01608,1,1,TP,0.0039543416
2217,BraTS2021_01608,1,1,TP,0.0034775697
2218,BraTS2021_01608,1,1,TP,0.0030881977
2219,BraTS2021_01608,1,1,TP,0.0026422285
2220,BraTS2021_01608,1,0,FN,0.0012123818
2221,BraTS2021_01609,1,0,FN,0.0012745392
2222,BraTS2021_01609,1,1,TP,0.003327681
2223,BraTS2021_01609,1,1,TP,0.003911387
2224,BraTS2021_01609,1,1,TP,0.0038112998
2225,BraTS2021_01609,1,1,TP,0.003637855
2226,BraTS2021_01609,1,1,TP,0.0029385732
2227,BraTS2021_01609,1,1,TP,0.002581987
2228,BraTS2021_01609,1,1,TP,0.0024369282
2229,BraTS2021_01609,1,1,TP,0.0024876033
2230,BraTS2021_01609,1,0,FN,0.0020130668
2231,BraTS2021_01609,1,0,FN,0.001581272
2232,BraTS2021_01609,1,0,FN,0.0012636263
2233,BraTS2021_01609,1,0,FN,0.0007777652
2234,BraTS2021_01610,1,0,FN,0.0008198289
2235,BraTS2021_01610,1,0,FN,0.0014569585
2236,BraTS2021_01610,1,0,FN,0.0015116899
2237,BraTS2021_01610,1,0,FN,0.0016935505
2238,BraTS2021_01610,1,0,FN,0.0015411106
2239,BraTS2021_01610,1,0,FN,0.0013111128
2240,BraTS2021_01610,1,0,FN,0.0012357252
2241,BraTS2021_01611,1,0,FN,0.0014497577
2242,BraTS2021_01611,1,0,FN,0.0019495056
2243,BraTS2021_01611,1,1,TP,0.002331149
2244,BraTS2021_01611,1,1,TP,0.0020581305
2245,BraTS2021_01611,1,0,FN,0.0016471621
2246,BraTS2021_01611,1,0,FN,0.0019587146
2247,BraTS2021_01612,1,0,FN,0.0011560542
2248,BraTS2021_01612,1,0,FN,0.0012982534
2249,BraTS2021_01612,1,0,FN,0.0004449
2250,BraTS2021_01612,1,0,FN,0.0012584808
2251,BraTS2021_01612,1,0,FN,0.0011064771
2252,BraTS2021_01612,1,0,FN,0.0009137932
2253,BraTS2021_01612,1,0,FN,0.00074613414
2254,BraTS2021_01612,1,0,FN,0.0006201315
2255,BraTS2021_01612,1,0,FN,0.0004631768
2256,BraTS2021_01612,1,0,FN,0.0004643883
2257,BraTS2021_01612,1,0,FN,0.00044863936
2258,BraTS2021_01612,1,0,FN,0.001235447
2259,BraTS2021_01613,1,1,TP,0.002290166
2260,BraTS2021_01613,1,1,TP,0.0027563348
2261,BraTS2021_01613,1,1,TP,0.0033504388
2262,BraTS2021_01613,1,1,TP,0.003697759
2263,BraTS2021_01613,1,1,TP,0.003465488
2264,BraTS2021_01613,1,1,TP,0.0031261996
2265,BraTS2021_01613,1,0,FN,0.0015075841
2266,BraTS2021_01613,1,1,TP,0.0023401738
2267,BraTS2021_01613,1,0,FN,0.001683972
2268,BraTS2021_01613,1,0,FN,0.001257978
2269,BraTS2021_01613,1,0,FN,0.0015876567
2270,BraTS2021_01614,1,0,FN,0.0014415989
2271,BraTS2021_01614,1,0,FN,0.0016267716
2272,BraTS2021_01614,1,1,TP,0.002095743
2273,BraTS2021_01614,1,1,TP,0.0024815423
2274,BraTS2021_01614,1,1,TP,0.0026552146
2275,BraTS2021_01614,1,1,TP,0.00227723
2276,BraTS2021_01614,1,0,FN,0.0019658713
2277,BraTS2021_01614,1,0,FN,0.0015365151
2278,BraTS2021_01614,1,0,FN,0.001225751
2279,BraTS2021_01615,1,0,FN,0.0011970021
2280,BraTS2021_01615,1,0,FN,0.001114369
2281,BraTS2021_01616,1,0,FN,0.0013246099
2282,BraTS2021_01616,1,0,FN,0.0011306561
2283,BraTS2021_01616,1,0,FN,0.0012047116
2284,BraTS2021_01616,1,0,FN,0.0012100551
2285,BraTS2021_01616,1,0,FN,0.0011550017
2286,BraTS2021_01617,1,0,FN,0.0008861572
2287,BraTS2021_01617,1,0,FN,0.0016690756
2288,BraTS2021_01617,1,0,FN,0.0017698179
2289,BraTS2021_01617,1,0,FN,0.0019545245
2290,BraTS2021_01617,1,0,FN,0.0020121473
2291,BraTS2021_01617,1,0,FN,0.002002891
2292,BraTS2021_01617,1,0,FN,0.001603127
2293,BraTS2021_01617,1,0,FN,0.0014446776
2294,BraTS2021_01618,1,0,FN,0.0005593534
2295,BraTS2021_01618,1,0,FN,0.0008007764
2296,BraTS2021_01618,1,0,FN,0.0013985902
2297,BraTS2021_01618,1,0,FN,0.0015842438
2298,BraTS2021_01618,1,0,FN,0.0012289155
2299,BraTS2021_01618,1,0,FN,0.00106484
2300,BraTS2021_01618,1,0,FN,0.0009820202
2301,BraTS2021_01618,1,0,FN,0.0010227471
2302,BraTS2021_01618,1,0,FN,0.000998894
2303,BraTS2021_01618,1,0,FN,0.0009068884
2304,BraTS2021_01619,1,0,FN,0.0019731282
2305,BraTS2021_01619,1,1,TP,0.0027999366
2306,BraTS2021_01619,1,1,TP,0.003003924
2307,BraTS2021_01619,1,1,TP,0.003119313
2308,BraTS2021_01619,1,1,TP,0.003509713
2309,BraTS2021_01619,1,1,TP,0.0033382804
2310,BraTS2021_01619,1,1,TP,0.0027765587
2311,BraTS2021_01619,1,0,FN,0.0018997153
2312,BraTS2021_01619,1,0,FN,0.00057960313
2313,BraTS2021_01619,1,1,TP,0.0025063797
2314,BraTS2021_01620,1,0,FN,0.0014041173
2315,BraTS2021_01620,1,0,FN,0.0016461206
2316,BraTS2021_01620,1,0,FN,0.002047496
2317,BraTS2021_01620,1,0,FN,0.0019647523
2318,BraTS2021_01620,1,0,FN,0.0010578285
2319,BraTS2021_01621,1,0,FN,0.0010648024
2320,BraTS2021_01621,1,0,FN,0.0015236135
2321,BraTS2021_01621,1,0,FN,0.00202253
2322,BraTS2021_01621,1,1,TP,0.003001208
2323,BraTS2021_01621,1,1,TP,0.003773152
2324,BraTS2021_01621,1,1,TP,0.0045058555
2325,BraTS2021_01621,1,1,TP,0.0043397555
2326,BraTS2021_01621,1,1,TP,0.0034820095
2327,BraTS2021_01621,1,1,TP,0.0031079615
2328,BraTS2021_01621,1,1,TP,0.0028555118
2329,BraTS2021_01621,1,1,TP,0.0025640305
2330,BraTS2021_01621,1,0,FN,0.0016961284
2331,BraTS2021_01622,1,0,FN,0.0018201293
2332,BraTS2021_01622,1,0,FN,0.0018512271
2333,BraTS2021_01622,1,0,FN,0.001300143
2334,BraTS2021_01622,1,1,TP,0.0022507284
2335,BraTS2021_01623,1,0,FN,0.001206748
2336,BraTS2021_01623,1,0,FN,0.0013978882
2337,BraTS2021_01623,1,0,FN,0.001969612
2338,BraTS2021_01623,1,1,TP,0.0023570578
2339,BraTS2021_01623,1,1,TP,0.0021076105
2340,BraTS2021_01623,1,1,TP,0.0022871913
2341,BraTS2021_01623,1,1,TP,0.002749745
2342,BraTS2021_01624,1,1,TP,0.002931222
2343,BraTS2021_01624,1,0,FN,0.0014579633
2344,BraTS2021_01624,1,0,FN,0.0011354728
2345,BraTS2021_01624,1,0,FN,0.0010451763
2346,BraTS2021_01624,1,0,FN,0.0010149324
2347,BraTS2021_01624,1,1,TP,0.0024765632
2348,BraTS2021_01625,1,1,TP,0.00364437
2349,BraTS2021_01625,1,1,TP,0.00436588
2350,BraTS2021_01625,1,1,TP,0.004418525
2351,BraTS2021_01625,1,1,TP,0.005117181
2352,BraTS2021_01625,1,0,FN,0.0013249103
2353,BraTS2021_01625,1,1,TP,0.0054417895
2354,BraTS2021_01625,1,1,TP,0.005039288
2355,BraTS2021_01625,1,1,TP,0.0044587334
2356,BraTS2021_01625,1,1,TP,0.003558258
2357,BraTS2021_01625,1,1,TP,0.0029033779
2358,BraTS2021_01625,1,1,TP,0.0023864005
2359,BraTS2021_01625,1,0,FN,0.0019156785
2360,BraTS2021_01625,1,0,FN,0.0016370799
2361,BraTS2021_01625,1,1,TP,0.0020861106
2362,BraTS2021_01626,1,0,FN,0.0005467232
2363,BraTS2021_01626,1,0,FN,0.0007877167
2364,BraTS2021_01626,1,0,FN,0.00078776333
2365,BraTS2021_01626,1,0,FN,0.0006547511
2366,BraTS2021_01626,1,0,FN,0.0006810487
2367,BraTS2021_01627,1,0,FN,0.0011258419
2368,BraTS2021_01627,1,0,FN,0.001466831
2369,BraTS2021_01627,1,1,TP,0.0021646135
2370,BraTS2021_01627,1,1,TP,0.0029659728
2371,BraTS2021_01627,1,1,TP,0.0036499866
2372,BraTS2021_01627,1,1,TP,0.0044003073
2373,BraTS2021_01627,1,1,TP,0.0054816897
2374,BraTS2021_01627,1,1,TP,0.005540732
2375,BraTS2021_01627,1,1,TP,0.0041249353
2376,BraTS2021_01627,1,0,FN,0.0014059065
2377,BraTS2021_01627,1,1,TP,0.0027496354
2378,BraTS2021_01627,1,1,TP,0.002081852
2379,BraTS2021_01627,1,0,FN,0.0017307093
2380,BraTS2021_01627,1,0,FN,0.0010405332
2381,BraTS2021_01628,1,1,TP,0.0022692725
2382,BraTS2021_01629,1,1,TP,0.0023071202
2383,BraTS2021_01629,1,1,TP,0.0030308745
2384,BraTS2021_01629,1,1,TP,0.003172954
2385,BraTS2021_01629,1,1,TP,0.003347826
2386,BraTS2021_01629,1,1,TP,0.0032085888
2387,BraTS2021_01629,1,1,TP,0.002623276
2388,BraTS2021_01629,1,0,FN,0.0018417526
2389,BraTS2021_01629,1,1,TP,0.0028344681
2390,BraTS2021_01630,1,0,FN,0.0018808453
2391,BraTS2021_01630,1,1,TP,0.002965864
2392,BraTS2021_01630,1,1,TP,0.004222442
2393,BraTS2021_01630,1,1,TP,0.0044244966
2394,BraTS2021_01630,1,1,TP,0.0041486127
2395,BraTS2021_01630,1,1,TP,0.0040863203
2396,BraTS2021_01630,1,1,TP,0.0038498554
2397,BraTS2021_01630,1,1,TP,0.003965468
2398,BraTS2021_01630,1,1,TP,0.003838627
2399,BraTS2021_01631,1,1,TP,0.002153412
2400,BraTS2021_01631,1,1,TP,0.0029125924
2401,BraTS2021_01631,1,1,TP,0.003983768
2402,BraTS2021_01631,1,1,TP,0.0047652884
2403,BraTS2021_01631,1,1,TP,0.0049742
2404,BraTS2021_01631,1,1,TP,0.0043442245
2405,BraTS2021_01631,1,1,TP,0.0037744446
2406,BraTS2021_01631,1,1,TP,0.002885628
2407,BraTS2021_01631,1,1,TP,0.00228112
2408,BraTS2021_01631,1,0,FN,0.0020438835
2409,BraTS2021_01631,1,0,FN,0.0016681919
2410,BraTS2021_01631,1,0,FN,0.0012201394
2411,BraTS2021_01632,1,0,FN,0.0015734055
2412,BraTS2021_01632,1,1,TP,0.0023956539
2413,BraTS2021_01632,1,1,TP,0.002959687
2414,BraTS2021_01632,1,1,TP,0.0030003218
2415,BraTS2021_01632,1,1,TP,0.0030523997
2416,BraTS2021_01632,1,1,TP,0.0028622223
2417,BraTS2021_01632,1,1,TP,0.0024431548
2418,BraTS2021_01632,1,0,FN,0.0020141145
2419,BraTS2021_01632,1,0,FN,0.0012780223
2420,BraTS2021_01632,1,0,FN,0.0019211213
2421,BraTS2021_01633,1,0,FN,0.0011217132
2422,BraTS2021_01633,1,1,TP,0.0021255235
2423,BraTS2021_01633,1,0,FN,0.0017615613
2424,BraTS2021_01633,1,0,FN,0.0016286548
2425,BraTS2021_01633,1,0,FN,0.0017695252
2426,BraTS2021_01633,1,0,FN,0.0015729719
2427,BraTS2021_01633,1,0,FN,0.00133599
2428,BraTS2021_01633,1,0,FN,0.0010688868
2429,BraTS2021_01633,1,0,FN,0.00081124593
2430,BraTS2021_01633,1,0,FN,0.0015595028
2431,BraTS2021_01634,1,0,FN,0.0018463285
2432,BraTS2021_01634,1,0,FN,0.0020323594
2433,BraTS2021_01634,1,0,FN,0.0018259154
2434,BraTS2021_01634,1,0,FN,0.0019080534
2435,BraTS2021_01634,1,1,TP,0.0020774389
2436,BraTS2021_01634,1,1,TP,0.002085746
2437,BraTS2021_01634,1,0,FN,0.0016907844
2438,BraTS2021_01634,1,0,FN,0.0013217564
2439,BraTS2021_01634,1,0,FN,0.0008983812
2440,BraTS2021_01634,1,1,TP,0.0021741516
2441,BraTS2021_01634,1,0,FN,0.0004239792
2442,BraTS2021_01635,1,0,FN,0.0008395761
2443,BraTS2021_01635,1,0,FN,0.0010251444
2444,BraTS2021_01635,1,0,FN,0.0019921244
2445,BraTS2021_01635,1,0,FN,0.0017580428
2446,BraTS2021_01635,1,0,FN,0.0018033203
2447,BraTS2021_01635,1,0,FN,0.0019973808
2448,BraTS2021_01635,1,0,FN,0.0019892796
2449,BraTS2021_01635,1,0,FN,0.0019236784
2450,BraTS2021_01635,1,0,FN,0.0015833017
2451,BraTS2021_01636,1,0,FN,0.0010112108
2452,BraTS2021_01636,1,0,FN,0.0006807553
2453,BraTS2021_01636,1,0,FN,0.00073368126
2454,BraTS2021_01636,1,0,FN,0.0008728276
2455,BraTS2021_01636,1,0,FN,0.00088920695
2456,BraTS2021_01636,1,0,FN,0.00080072944
2457,BraTS2021_01636,1,0,FN,0.0007811869
2458,BraTS2021_01636,1,0,FN,0.00060187385
2459,BraTS2021_01636,1,0,FN,0.00063843967
2460,BraTS2021_01636,1,0,FN,0.0007051244
2461,BraTS2021_01636,1,0,FN,0.0007529783
2462,BraTS2021_01636,1,0,FN,0.000790228
2463,BraTS2021_01636,1,0,FN,0.001281176
2464,BraTS2021_01637,1,0,FN,0.0020512356
2465,BraTS2021_01637,1,1,TP,0.0028870595
2466,BraTS2021_01637,1,1,TP,0.0025893534
2467,BraTS2021_01637,1,1,TP,0.0024170843
2468,BraTS2021_01638,1,0,FN,0.0016736408
2469,BraTS2021_01638,1,1,TP,0.002148321
2470,BraTS2021_01638,1,0,FN,0.0019938846
2471,BraTS2021_01638,1,0,FN,0.0012965515
2472,BraTS2021_01638,1,0,FN,0.0012427412
2473,BraTS2021_01638,1,0,FN,0.0012094096
2474,BraTS2021_01638,1,0,FN,0.0011411718
2475,BraTS2021_01638,1,0,FN,0.0011447624
2476,BraTS2021_01638,1,0,FN,0.0011488901
2477,BraTS2021_01639,1,1,TP,0.0023977626
2478,BraTS2021_01639,1,1,TP,0.002085507
2479,BraTS2021_01639,1,0,FN,0.0018851805
2480,BraTS2021_01639,1,1,TP,0.0029324398
2481,BraTS2021_01639,1,1,TP,0.0034746537
2482,BraTS2021_01639,1,1,TP,0.004257085
2483,BraTS2021_01639,1,1,TP,0.00479646
2484,BraTS2021_01639,1,1,TP,0.0038294345
2485,BraTS2021_01639,1,1,TP,0.0029872898
2486,BraTS2021_01639,1,1,TP,0.003012199
2487,BraTS2021_01639,1,1,TP,0.0021045553
2488,BraTS2021_01639,1,0,FN,0.0017153227
2489,BraTS2021_01640,1,1,TP,0.0025377423
2490,BraTS2021_01640,1,1,TP,0.002442278
2491,BraTS2021_01640,1,1,TP,0.0023755762
2492,BraTS2021_01640,1,1,TP,0.0024460433
2493,BraTS2021_01640,1,1,TP,0.0027644048
2494,BraTS2021_01640,1,1,TP,0.0027345533
2495,BraTS2021_01640,1,0,FN,0.0019443965
2496,BraTS2021_01641,1,0,FN,0.0007635366
2497,BraTS2021_01641,1,0,FN,0.00065964536
2498,BraTS2021_01641,1,0,FN,0.000825796
2499,BraTS2021_01641,1,0,FN,0.0009934049
2500,BraTS2021_01641,1,0,FN,0.0013298986
2501,BraTS2021_01641,1,0,FN,0.0016879346
2502,BraTS2021_01641,1,1,TP,0.002299342
2503,BraTS2021_01641,1,1,TP,0.002333769
2504,BraTS2021_01641,1,0,FN,0.0019200704
2505,BraTS2021_01641,1,0,FN,0.0014794873
2506,BraTS2021_01641,1,0,FN,0.0010172772
2507,BraTS2021_01641,1,0,FN,0.0007869524
2508,BraTS2021_01642,1,0,FN,0.0015223777
2509,BraTS2021_01642,1,0,FN,0.0019928345
2510,BraTS2021_01642,1,0,FN,0.001866196
2511,BraTS2021_01642,1,0,FN,0.0017110123
2512,BraTS2021_01642,1,0,FN,0.0017413624
2513,BraTS2021_01642,1,0,FN,0.0018229792
2514,BraTS2021_01642,1,0,FN,0.0014707833
2515,BraTS2021_01642,1,0,FN,0.0010298125
2516,BraTS2021_01642,1,0,FN,0.0007653812
2517,BraTS2021_01642,1,1,TP,0.0020732637
2518,BraTS2021_01642,1,0,FN,0.0004697644
2519,BraTS2021_01643,1,0,FN,0.0011064805
2520,BraTS2021_01643,1,0,FN,0.0012332232
2521,BraTS2021_01643,1,0,FN,0.001832901
2522,BraTS2021_01643,1,1,TP,0.0026524325
2523,BraTS2021_01643,1,1,TP,0.0024769115
2524,BraTS2021_01643,1,0,FN,0.0017188492
2525,BraTS2021_01643,1,0,FN,0.000991953
2526,BraTS2021_01644,1,0,FN,0.0008820212
2527,BraTS2021_01644,1,0,FN,0.0011259023
2528,BraTS2021_01644,1,0,FN,0.001125202
2529,BraTS2021_01644,1,0,FN,0.001075614
2530,BraTS2021_01644,1,0,FN,0.0010675641
2531,BraTS2021_01644,1,0,FN,0.0010446247
2532,BraTS2021_01644,1,0,FN,0.0009951586
2533,BraTS2021_01644,1,0,FN,0.00072293106
2534,BraTS2021_01645,1,0,FN,0.0012181762
2535,BraTS2021_01645,1,0,FN,0.0014699744
2536,BraTS2021_01645,1,0,FN,0.0020205234
2537,BraTS2021_01645,1,1,TP,0.0026784025
2538,BraTS2021_01645,1,1,TP,0.0027224426
2539,BraTS2021_01645,1,1,TP,0.0025254232
2540,BraTS2021_01645,1,1,TP,0.0035806398
2541,BraTS2021_01645,1,1,TP,0.0032645653
2542,BraTS2021_01645,1,1,TP,0.0023771236
2543,BraTS2021_01645,1,0,FN,0.0017503311
2544,BraTS2021_01645,1,0,FN,0.0019668196
2545,BraTS2021_01645,1,0,FN,0.0015185869
2546,BraTS2021_01645,1,0,FN,0.0012377291
2547,BraTS2021_01645,1,0,FN,0.0013826042
2548,BraTS2021_01646,1,1,TP,0.003881807
2549,BraTS2021_01646,1,1,TP,0.0030767163
2550,BraTS2021_01646,1,1,TP,0.0032167595
2551,BraTS2021_01646,1,1,TP,0.0028687983
2552,BraTS2021_01646,1,1,TP,0.0034977132
2553,BraTS2021_01646,1,1,TP,0.0037689176
2554,BraTS2021_01646,1,1,TP,0.0034805976
2555,BraTS2021_01646,1,1,TP,0.0022369912
2556,BraTS2021_01646,1,0,FN,0.0016425397
2557,BraTS2021_01646,1,0,FN,0.001150106
2558,BraTS2021_01646,1,0,FN,0.0010275132
2559,BraTS2021_01646,1,0,FN,0.0014778534
2560,BraTS2021_01647,1,0,FN,0.0017444622
2561,BraTS2021_01647,1,1,TP,0.0026772253
2562,BraTS2021_01647,1,1,TP,0.002106332
2563,BraTS2021_01647,1,0,FN,0.0019263742
2564,BraTS2021_01647,1,1,TP,0.0024368267
2565,BraTS2021_01648,1,1,TP,0.0024970598
2566,BraTS2021_01648,1,1,TP,0.003039949
2567,BraTS2021_01648,1,1,TP,0.003337638
2568,BraTS2021_01648,1,1,TP,0.003113483
2569,BraTS2021_01648,1,1,TP,0.0041180146
2570,BraTS2021_01648,1,1,TP,0.0038697128
2571,BraTS2021_01648,1,1,TP,0.0027174908
2572,BraTS2021_01648,1,1,TP,0.0026944014
2573,BraTS2021_01648,1,1,TP,0.0026509226
2574,BraTS2021_01648,1,1,TP,0.002613088
2575,BraTS2021_01648,1,1,TP,0.0021871433
2576,BraTS2021_01648,1,1,TP,0.0027962069
2577,BraTS2021_01648,1,1,TP,0.0024185746
2578,BraTS2021_01649,1,0,FN,0.00093619927
2579,BraTS2021_01649,1,0,FN,0.001783114
2580,BraTS2021_01649,1,1,TP,0.0023536712
2581,BraTS2021_01649,1,1,TP,0.0022551985
2582,BraTS2021_01649,1,0,FN,0.0019685335
2583,BraTS2021_01649,1,0,FN,0.0014623125
2584,BraTS2021_01649,1,0,FN,0.0013540895
2585,BraTS2021_01649,1,0,FN,0.0011662501
2586,BraTS2021_01649,1,0,FN,0.0015101503
2587,BraTS2021_01650,1,0,FN,0.001799941
2588,BraTS2021_01650,1,1,TP,0.0026573404
2589,BraTS2021_01650,1,1,TP,0.002400095
2590,BraTS2021_01650,1,1,TP,0.002903082
2591,BraTS2021_01650,1,1,TP,0.00377894
2592,BraTS2021_01650,1,1,TP,0.0036580737
2593,BraTS2021_01650,1,1,TP,0.0042096023
2594,BraTS2021_01650,1,1,TP,0.00367725
2595,BraTS2021_01650,1,1,TP,0.003286789
2596,BraTS2021_01650,1,1,TP,0.0022358429
2597,BraTS2021_01650,1,1,TP,0.0027797092
2598,BraTS2021_01650,1,0,FN,0.0020061093
2599,BraTS2021_01650,1,0,FN,0.0016838452
2600,BraTS2021_01650,1,0,FN,0.001236869
2601,BraTS2021_01651,1,0,FN,0.0015764297
2602,BraTS2021_01651,1,0,FN,0.0013780906
2603,BraTS2021_01651,1,0,FN,0.0010862222
2604,BraTS2021_01651,1,0,FN,0.0011827159
2605,BraTS2021_01651,1,0,FN,0.0013051538
2606,BraTS2021_01651,1,0,FN,0.0013704947
2607,BraTS2021_01651,1,0,FN,0.001396527
2608,BraTS2021_01651,1,0,FN,0.0012890375
2609,BraTS2021_01652,1,0,FN,0.001754806
2610,BraTS2021_01652,1,1,TP,0.00246004
2611,BraTS2021_01652,1,1,TP,0.0035141523
2612,BraTS2021_01652,1,1,TP,0.0030566438
2613,BraTS2021_01652,1,1,TP,0.00217954
2614,BraTS2021_01652,1,0,FN,0.0020144985
2615,BraTS2021_01652,1,0,FN,0.0020081957
2616,BraTS2021_01652,1,1,TP,0.002209637
2617,BraTS2021_01652,1,1,TP,0.002154865
2618,BraTS2021_01652,1,0,FN,0.00181189
2619,BraTS2021_01652,1,0,FN,0.0015149184
2620,BraTS2021_01653,1,0,FN,0.0006850097
2621,BraTS2021_01653,1,0,FN,0.0005576792
2622,BraTS2021_01653,1,0,FN,0.000881267
2623,BraTS2021_01653,1,0,FN,0.00060842093
2624,BraTS2021_01653,1,0,FN,0.00084097375
2625,BraTS2021_01653,1,0,FN,0.0006411291
2626,BraTS2021_01653,1,0,FN,0.00055293273
2627,BraTS2021_01653,1,0,FN,0.00027546028
2628,BraTS2021_01653,1,0,FN,0.0003769648
2629,BraTS2021_01653,1,0,FN,0.00077035464
2630,BraTS2021_01653,1,0,FN,0.00031770437
2631,BraTS2021_01653,1,0,FN,0.00047794345
2632,BraTS2021_01653,1,0,FN,0.00033476244
2633,BraTS2021_01653,1,0,FN,0.0004684554
2634,BraTS2021_01654,1,0,FN,0.0009587401
2635,BraTS2021_01654,1,0,FN,0.0012081506
2636,BraTS2021_01654,1,0,FN,0.001100158
2637,BraTS2021_01654,1,0,FN,0.001114487
2638,BraTS2021_01654,1,0,FN,0.0010787218
2639,BraTS2021_01654,1,0,FN,0.0010588525
2640,BraTS2021_01654,1,0,FN,0.0007064351
2641,BraTS2021_01654,1,0,FN,0.00055914157
2642,BraTS2021_01654,1,0,FN,0.0005305595
2643,BraTS2021_01654,1,0,FN,0.0012080176
2644,BraTS2021_01654,1,0,FN,0.0005243467
2645,BraTS2021_01654,1,0,FN,0.0005723058
2646,BraTS2021_01654,1,0,FN,0.00063687656
2647,BraTS2021_01655,1,0,FN,0.0005555273
2648,BraTS2021_01655,1,0,FN,0.0010310082
2649,BraTS2021_01655,1,0,FN,0.0010781719
2650,BraTS2021_01655,1,0,FN,0.0010513932
2651,BraTS2021_01655,1,0,FN,0.0011306959
2652,BraTS2021_01655,1,0,FN,0.0012106949
2653,BraTS2021_01655,1,0,FN,0.0013903356
2654,BraTS2021_01655,1,0,FN,0.0012801402
2655,BraTS2021_01655,1,0,FN,0.0010414848
2656,BraTS2021_01655,1,0,FN,0.0007958532
2657,BraTS2021_01655,1,0,FN,0.00089900236
2658,BraTS2021_01655,1,0,FN,0.00047559303
2659,BraTS2021_01655,1,0,FN,0.0003473697
2660,BraTS2021_01656,1,0,FN,0.0004997113
2661,BraTS2021_01656,1,0,FN,0.00065230735
2662,BraTS2021_01656,1,0,FN,0.0008123534
2663,BraTS2021_01656,1,0,FN,0.00064682367
2664,BraTS2021_01656,1,0,FN,0.000515424
2665,BraTS2021_01656,1,0,FN,0.00051286037
2666,BraTS2021_01656,1,0,FN,0.00069217116
2667,BraTS2021_01657,1,1,TP,0.0023786759
2668,BraTS2021_01657,1,1,TP,0.002550729
2669,BraTS2021_01657,1,1,TP,0.0030148956
2670,BraTS2021_01657,1,1,TP,0.0030073267
2671,BraTS2021_01657,1,1,TP,0.002986398
2672,BraTS2021_01657,1,1,TP,0.002964311
2673,BraTS2021_01657,1,1,TP,0.002925795
2674,BraTS2021_01657,1,1,TP,0.002693661
2675,BraTS2021_01657,1,1,TP,0.0021642277
2676,BraTS2021_01657,1,1,TP,0.002535544
2677,BraTS2021_01657,1,0,FN,0.0018502431
2678,BraTS2021_01657,1,0,FN,0.0009976968
2679,BraTS2021_01657,1,0,FN,0.00048703363
2680,BraTS2021_01658,1,0,FN,0.0016268181
2681,BraTS2021_01658,1,0,FN,0.0015205129
2682,BraTS2021_01658,1,0,FN,0.001490212
2683,BraTS2021_01658,1,0,FN,0.0010242679
2684,BraTS2021_01658,1,0,FN,0.0009721635
2685,BraTS2021_01658,1,0,FN,0.0010047624
2686,BraTS2021_01658,1,0,FN,0.00097635796
2687,BraTS2021_01658,1,0,FN,0.0009265243
2688,BraTS2021_01658,1,0,FN,0.00065243663
2689,BraTS2021_01658,1,0,FN,0.0006264925
2690,BraTS2021_01658,1,0,FN,0.0010781277
2691,BraTS2021_01658,1,0,FN,0.0005839977
2692,BraTS2021_01658,1,0,FN,0.000629787
2693,BraTS2021_01659,1,0,FN,0.0011924487
2694,BraTS2021_01659,1,0,FN,0.0010825319
2695,BraTS2021_01659,1,0,FN,0.0012786473
2696,BraTS2021_01659,1,0,FN,0.0013455009
2697,BraTS2021_01659,1,0,FN,0.001423084
2698,BraTS2021_01659,1,0,FN,0.0013074122
2699,BraTS2021_01659,1,0,FN,0.0013856981
2700,BraTS2021_01659,1,0,FN,0.0016530271
2701,BraTS2021_01659,1,0,FN,0.0016603314
2702,BraTS2021_01659,1,0,FN,0.0010139832
2703,BraTS2021_01659,1,0,FN,0.0011817937
2704,BraTS2021_01659,1,0,FN,0.00087811303
2705,BraTS2021_01659,1,0,FN,0.0005377035
2706,BraTS2021_01660,1,0,FN,0.00064851565
2707,BraTS2021_01660,1,0,FN,0.0007762272
2708,BraTS2021_01660,1,0,FN,0.0008034082
2709,BraTS2021_01660,1,0,FN,0.00074633746
2710,BraTS2021_01660,1,0,FN,0.0005997509
2711,BraTS2021_01660,1,0,FN,0.0006478937
2712,BraTS2021_01660,1,0,FN,0.0006741878
2713,BraTS2021_01660,1,0,FN,0.0006873094
2714,BraTS2021_01661,1,1,TP,0.0024547281
2715,BraTS2021_01661,1,0,FN,0.0013711764
2716,BraTS2021_01661,1,0,FN,0.0011773903
2717,BraTS2021_01661,1,0,FN,0.00116614
2718,BraTS2021_01661,1,0,FN,0.0012367656
2719,BraTS2021_01661,1,0,FN,0.0012488205
2720,BraTS2021_01661,1,0,FN,0.00126374
2721,BraTS2021_01661,1,0,FN,0.0011996564
2722,BraTS2021_01661,1,0,FN,0.0010129688
2723,BraTS2021_01661,1,0,FN,0.001794107
2724,BraTS2021_01661,1,0,FN,0.00085319363
2725,BraTS2021_01661,1,0,FN,0.0006505111
2726,BraTS2021_01662,1,0,FN,0.0018264415
2727,BraTS2021_01662,1,1,TP,0.0023210037
2728,BraTS2021_01662,1,1,TP,0.0022876237
2729,BraTS2021_01662,1,1,TP,0.0022588796
2730,BraTS2021_01662,1,1,TP,0.0022362873
2731,BraTS2021_01662,1,1,TP,0.002315648
2732,BraTS2021_01662,1,1,TP,0.00224318
2733,BraTS2021_01662,1,0,FN,0.0018741814
2734,BraTS2021_01663,1,0,FN,0.0008526303
2735,BraTS2021_01663,1,0,FN,0.00173861
2736,BraTS2021_01663,1,1,TP,0.0021244145
2737,BraTS2021_01663,1,1,TP,0.0021285338
2738,BraTS2021_01663,1,0,FN,0.002043996
2739,BraTS2021_01663,1,0,FN,0.0020405736
2740,BraTS2021_01663,1,1,TP,0.0022842993
2741,BraTS2021_01664,1,0,FN,0.0018805412
2742,BraTS2021_01664,1,1,TP,0.003072816
2743,BraTS2021_01664,1,1,TP,0.0035599296
2744,BraTS2021_01664,1,1,TP,0.0038146842
2745,BraTS2021_01664,1,1,TP,0.0037718406
2746,BraTS2021_01664,1,1,TP,0.003489818
2747,BraTS2021_01664,1,1,TP,0.0027055827
2748,BraTS2021_01664,1,0,FN,0.0020336525
2749,BraTS2021_01664,1,0,FN,0.0015946018
2750,BraTS2021_01664,1,0,FN,0.0012709276
2751,BraTS2021_01664,1,0,FN,0.0010211432
2752,BraTS2021_01664,1,0,FN,0.0008612239
2753,BraTS2021_01664,1,0,FN,0.0012167378
2754,BraTS2021_01665,1,1,TP,0.0025436385
2755,BraTS2021_01665,1,1,TP,0.0033483293
2756,BraTS2021_01665,1,1,TP,0.003500069
2757,BraTS2021_01665,1,1,TP,0.003851139
2758,BraTS2021_01665,1,1,TP,0.0040768897
2759,BraTS2021_01665,1,1,TP,0.003968708
2760,BraTS2021_01665,1,1,TP,0.0037135077
2761,BraTS2021_01665,1,1,TP,0.0030486423
2762,BraTS2021_01665,1,0,FN,0.0013147765
2763,BraTS2021_01665,1,1,TP,0.0030816935
2764,BraTS2021_01666,1,0,FN,0.0014998296
2765,BraTS2021_01666,1,0,FN,0.001819633
2766,BraTS2021_01666,1,0,FN,0.001920336
2767,BraTS2021_01666,1,0,FN,0.0019773722
2768,BraTS2021_01666,1,0,FN,0.0017474451
2769,BraTS2021_01666,1,0,FN,0.0019716832
2770,BraTS2021_01666,1,0,FN,0.0018991017
2771,BraTS2021_01666,1,0,FN,0.0019055922
2772,BraTS2021_01666,1,0,FN,0.0019262779
2773,BraTS2021_01666,1,0,FN,0.0018274284
2774,BraTS2021_01666,1,0,FN,0.0014514518
2775,BraTS2021_01666,1,0,FN,0.00090305245
